Date,River,Reach,Cross Section,Water_Elevation
14/04/2026 07:00,Thachin         ,Reach1,170764,1.8797016143798828
14/04/2026 07:00,Thachin         ,Reach1,142824,1.3399007320404053
14/04/2026 07:00,Thachin         ,Reach1,125488,1.3999464511871338
14/04/2026 07:00,Thachin         ,Reach1,84876,1.189939260482788
14/04/2026 08:00,Thachin         ,Reach1,170764,1.8797016143798828
14/04/2026 08:00,Thachin         ,Reach1,142824,1.0799064636230469
14/04/2026 08:00,Thachin         ,Reach1,125488,1.1798808574676514
14/04/2026 08:00,Thachin         ,Reach1,84876,1.010107159614563
14/04/2026 09:00,Thachin         ,Reach1,170764,1.8742152452468872
14/04/2026 09:00,Thachin         ,Reach1,142824,1.1201399564743042
14/04/2026 09:00,Thachin         ,Reach1,125488,1.2499847412109375
14/04/2026 09:00,Thachin         ,Reach1,84876,1.1399520635604858
14/04/2026 10:00,Thachin         ,Reach1,170764,1.858975172042847
14/04/2026 10:00,Thachin         ,Reach1,142824,1.189939260482788
14/04/2026 10:00,Thachin         ,Reach1,125488,1.33014714717865
14/04/2026 10:00,Thachin         ,Reach1,84876,1.1798808574676514
14/04/2026 11:00,Thachin         ,Reach1,170764,1.8419065475463867
14/04/2026 11:00,Thachin         ,Reach1,142824,1.2499847412109375
14/04/2026 11:00,Thachin         ,Reach1,125488,1.3600175380706787
14/04/2026 11:00,Thachin         ,Reach1,84876,1.189939260482788
14/04/2026 12:00,Thachin         ,Reach1,170764,1.8251423835754397
14/04/2026 12:00,Thachin         ,Reach1,142824,1.3100303411483765
14/04/2026 12:00,Thachin         ,Reach1,125488,1.389888048171997
14/04/2026 12:00,Thachin         ,Reach1,84876,1.089964747428894
14/04/2026 13:00,Thachin         ,Reach1,170764,1.815388798713684
14/04/2026 13:00,Thachin         ,Reach1,142824,1.33014714717865
14/04/2026 13:00,Thachin         ,Reach1,125488,1.3999464511871338
14/04/2026 13:00,Thachin         ,Reach1,84876,1.010107159614563
14/04/2026 14:00,Thachin         ,Reach1,170764,1.8172175884246824
14/04/2026 14:00,Thachin         ,Reach1,142824,1.3399007320404053
14/04/2026 14:00,Thachin         ,Reach1,125488,1.3399007320404053
14/04/2026 14:00,Thachin         ,Reach1,84876,0.919886350631714
14/04/2026 15:00,Thachin         ,Reach1,170764,1.8239232301712036
14/04/2026 15:00,Thachin         ,Reach1,142824,1.2999719381332395
14/04/2026 15:00,Thachin         ,Reach1,125488,1.2999719381332395
14/04/2026 15:00,Thachin         ,Reach1,84876,0.8698992133140564
14/04/2026 16:00,Thachin         ,Reach1,170764,1.8294095993041992
14/04/2026 16:00,Thachin         ,Reach1,142824,1.2600431442260742
14/04/2026 16:00,Thachin         ,Reach1,125488,1.270101547241211
14/04/2026 16:00,Thachin         ,Reach1,84876,0.8400288224220276
14/04/2026 17:00,Thachin         ,Reach1,170764,1.836724877357483
14/04/2026 17:00,Thachin         ,Reach1,142824,1.229867935180664
14/04/2026 17:00,Thachin         ,Reach1,125488,1.2499847412109375
14/04/2026 17:00,Thachin         ,Reach1,84876,0.8199120163917542
14/04/2026 18:00,Thachin         ,Reach1,170764,1.843125581741333
14/04/2026 18:00,Thachin         ,Reach1,142824,1.2100560665130615
14/04/2026 18:00,Thachin         ,Reach1,125488,1.229867935180664
14/04/2026 18:00,Thachin         ,Reach1,84876,0.8299704194068909
14/04/2026 19:00,Thachin         ,Reach1,170764,1.850745677947998
14/04/2026 19:00,Thachin         ,Reach1,142824,1.1999976634979248
14/04/2026 19:00,Thachin         ,Reach1,125488,1.2201143503189087
14/04/2026 19:00,Thachin         ,Reach1,84876,0.8400288224220276
14/04/2026 20:00,Thachin         ,Reach1,170764,1.8568416833877563
14/04/2026 20:00,Thachin         ,Reach1,142824,1.1798808574676514
14/04/2026 20:00,Thachin         ,Reach1,125488,1.229867935180664
14/04/2026 20:00,Thachin         ,Reach1,84876,0.8299704194068909
14/04/2026 21:00,Thachin         ,Reach1,170764,1.8617184162139893
14/04/2026 21:00,Thachin         ,Reach1,142824,1.1798808574676514
14/04/2026 21:00,Thachin         ,Reach1,125488,1.2201143503189087
14/04/2026 21:00,Thachin         ,Reach1,84876,0.7699248194694519
14/04/2026 22:00,Thachin         ,Reach1,170764,1.862937569618225
14/04/2026 22:00,Thachin         ,Reach1,142824,1.1798808574676514
14/04/2026 22:00,Thachin         ,Reach1,125488,1.2100560665130615
14/04/2026 22:00,Thachin         ,Reach1,84876,0.6900671720504761
14/04/2026 23:00,Thachin         ,Reach1,170764,1.8620232343673704
14/04/2026 23:00,Thachin         ,Reach1,142824,1.1701271533966064
14/04/2026 23:00,Thachin         ,Reach1,125488,1.1999976634979248
14/04/2026 23:00,Thachin         ,Reach1,84876,0.6400799751281738
15/04/2026 00:00,Thachin         ,Reach1,170764,1.8620232343673704
15/04/2026 00:00,Thachin         ,Reach1,142824,1.1600688695907593
15/04/2026 00:00,Thachin         ,Reach1,125488,1.189939260482788
15/04/2026 00:00,Thachin         ,Reach1,84876,0.5099303722381592
15/04/2026 01:00,Thachin         ,Reach1,170764,1.8632423877716064
15/04/2026 01:00,Thachin         ,Reach1,142824,1.1399520635604858
15/04/2026 01:00,Thachin         ,Reach1,125488,1.1600688695907593
15/04/2026 01:00,Thachin         ,Reach1,84876,0.4498848021030426
15/04/2026 02:00,Thachin         ,Reach1,170764,1.8647664785385132
15/04/2026 02:00,Thachin         ,Reach1,142824,1.1298936605453491
15/04/2026 02:00,Thachin         ,Reach1,125488,1.1399520635604858
15/04/2026 02:00,Thachin         ,Reach1,84876,0.3599688112735748
15/04/2026 03:00,Thachin         ,Reach1,170764,1.8662904500961304
15/04/2026 03:00,Thachin         ,Reach1,142824,1.1298936605453491
15/04/2026 03:00,Thachin         ,Reach1,125488,1.1201399564743042
15/04/2026 03:00,Thachin         ,Reach1,84876,0.2898648083209991
15/04/2026 04:00,Thachin         ,Reach1,170764,1.865071177482605
15/04/2026 04:00,Thachin         ,Reach1,142824,1.0799064636230469
15/04/2026 04:00,Thachin         ,Reach1,125488,1.1000231504440308
15/04/2026 04:00,Thachin         ,Reach1,84876,0.2100072056055069
15/04/2026 05:00,Thachin         ,Reach1,170764,1.864461660385132
15/04/2026 05:00,Thachin         ,Reach1,142824,1.0600943565368652
15/04/2026 05:00,Thachin         ,Reach1,125488,1.0698480606079102
15/04/2026 05:00,Thachin         ,Reach1,84876,0.2200656086206436
15/04/2026 06:00,Thachin         ,Reach1,170764,1.8647664785385132
15/04/2026 06:00,Thachin         ,Reach1,142824,1.0399775505065918
15/04/2026 06:00,Thachin         ,Reach1,125488,1.0399775505065918
15/04/2026 06:00,Thachin         ,Reach1,84876,0.4901184141635895
15/04/2026 07:00,Thachin         ,Reach1,170764,1.8626328706741333
15/04/2026 07:00,Thachin         ,Reach1,142824,1.0198607444763184
15/04/2026 07:00,Thachin         ,Reach1,125488,1.0399775505065918
15/04/2026 07:00,Thachin         ,Reach1,84876,0.7199376225471497
15/04/2026 08:00,Thachin         ,Reach1,170764,1.858975172042847
15/04/2026 08:00,Thachin         ,Reach1,142824,1.010107159614563
15/04/2026 08:00,Thachin         ,Reach1,125488,1.0799064636230469
15/04/2026 08:00,Thachin         ,Reach1,84876,0.8900160193443298
15/04/2026 09:00,Thachin         ,Reach1,170764,1.8562320470809937
15/04/2026 09:00,Thachin         ,Reach1,142824,1.010107159614563
15/04/2026 09:00,Thachin         ,Reach1,125488,1.1500104665756226
15/04/2026 09:00,Thachin         ,Reach1,84876,0.9799320101737976
15/04/2026 10:00,Thachin         ,Reach1,170764,1.8525744676589968
15/04/2026 10:00,Thachin         ,Reach1,142824,1.0698480606079102
15/04/2026 10:00,Thachin         ,Reach1,125488,1.2201143503189087
15/04/2026 10:00,Thachin         ,Reach1,84876,1.0799064636230469
15/04/2026 11:00,Thachin         ,Reach1,170764,1.8428208827972412
15/04/2026 11:00,Thachin         ,Reach1,142824,1.1500104665756226
15/04/2026 11:00,Thachin         ,Reach1,125488,1.289913535118103
15/04/2026 11:00,Thachin         ,Reach1,84876,1.1000231504440308
15/04/2026 12:00,Thachin         ,Reach1,170764,1.8382488489151
15/04/2026 12:00,Thachin         ,Reach1,142824,1.1999976634979248
15/04/2026 12:00,Thachin         ,Reach1,125488,1.3200887441635132
15/04/2026 12:00,Thachin         ,Reach1,84876,1.0500359535217283
15/04/2026 13:00,Thachin         ,Reach1,170764,1.833676815032959
15/04/2026 13:00,Thachin         ,Reach1,142824,1.2499847412109375
15/04/2026 13:00,Thachin         ,Reach1,125488,1.3200887441635132
15/04/2026 13:00,Thachin         ,Reach1,84876,0.8900160193443298
15/04/2026 14:00,Thachin         ,Reach1,170764,1.8278857469558716
15/04/2026 14:00,Thachin         ,Reach1,142824,1.2499847412109375
15/04/2026 14:00,Thachin         ,Reach1,125488,1.2798551321029663
15/04/2026 14:00,Thachin         ,Reach1,84876,0.8199120163917542
15/04/2026 15:00,Thachin         ,Reach1,170764,1.8263616561889648
15/04/2026 15:00,Thachin         ,Reach1,142824,1.2100560665130615
15/04/2026 15:00,Thachin         ,Reach1,125488,1.229867935180664
15/04/2026 15:00,Thachin         ,Reach1,84876,0.750112771987915
15/04/2026 16:00,Thachin         ,Reach1,170764,1.8309335708618164
15/04/2026 16:00,Thachin         ,Reach1,142824,1.1701271533966064
15/04/2026 16:00,Thachin         ,Reach1,125488,1.189939260482788
15/04/2026 16:00,Thachin         ,Reach1,84876,0.7001255750656128
15/04/2026 17:00,Thachin         ,Reach1,170764,1.8339816331863403
15/04/2026 17:00,Thachin         ,Reach1,142824,1.1500104665756226
15/04/2026 17:00,Thachin         ,Reach1,125488,1.1701271533966064
15/04/2026 17:00,Thachin         ,Reach1,84876,0.6800087690353394
15/04/2026 18:00,Thachin         ,Reach1,170764,1.8379440307617188
15/04/2026 18:00,Thachin         ,Reach1,142824,1.1201399564743042
15/04/2026 18:00,Thachin         ,Reach1,125488,1.1500104665756226
15/04/2026 18:00,Thachin         ,Reach1,84876,0.7001255750656128
15/04/2026 19:00,Thachin         ,Reach1,170764,1.840687274932861
15/04/2026 19:00,Thachin         ,Reach1,142824,1.1000231504440308
15/04/2026 19:00,Thachin         ,Reach1,125488,1.1399520635604858
15/04/2026 19:00,Thachin         ,Reach1,84876,0.8199120163917542
15/04/2026 20:00,Thachin         ,Reach1,170764,1.8419065475463867
15/04/2026 20:00,Thachin         ,Reach1,142824,1.0799064636230469
15/04/2026 20:00,Thachin         ,Reach1,125488,1.1500104665756226
15/04/2026 20:00,Thachin         ,Reach1,84876,0.92994487285614
15/04/2026 21:00,Thachin         ,Reach1,170764,1.84251606464386
15/04/2026 21:00,Thachin         ,Reach1,142824,1.0799064636230469
15/04/2026 21:00,Thachin         ,Reach1,125488,1.1701271533966064
15/04/2026 21:00,Thachin         ,Reach1,84876,0.9000744223594666
15/04/2026 22:00,Thachin         ,Reach1,170764,1.840687274932861
15/04/2026 22:00,Thachin         ,Reach1,142824,1.1201399564743042
15/04/2026 22:00,Thachin         ,Reach1,125488,1.2201143503189087
15/04/2026 22:00,Thachin         ,Reach1,84876,0.7900416254997253
15/04/2026 23:00,Thachin         ,Reach1,170764,1.8388583660125732
15/04/2026 23:00,Thachin         ,Reach1,142824,1.1399520635604858
15/04/2026 23:00,Thachin         ,Reach1,125488,1.189939260482788
15/04/2026 23:00,Thachin         ,Reach1,84876,0.7098792195320129
16/04/2026 00:00,Thachin         ,Reach1,170764,1.8379440307617188
16/04/2026 00:00,Thachin         ,Reach1,142824,1.1399520635604858
16/04/2026 00:00,Thachin         ,Reach1,125488,1.1798808574676514
16/04/2026 00:00,Thachin         ,Reach1,84876,0.6001511812210083
16/04/2026 01:00,Thachin         ,Reach1,170764,1.8376392126083376
16/04/2026 01:00,Thachin         ,Reach1,142824,1.1100815534591677
16/04/2026 01:00,Thachin         ,Reach1,125488,1.1600688695907593
16/04/2026 01:00,Thachin         ,Reach1,84876,0.5498592257499695
16/04/2026 02:00,Thachin         ,Reach1,170764,1.837334394454956
16/04/2026 02:00,Thachin         ,Reach1,142824,1.1000231504440308
16/04/2026 02:00,Thachin         ,Reach1,125488,1.1399520635604858
16/04/2026 02:00,Thachin         ,Reach1,84876,0.4401312172412872
16/04/2026 03:00,Thachin         ,Reach1,170764,1.8370295763015747
16/04/2026 03:00,Thachin         ,Reach1,142824,1.0799064636230469
16/04/2026 03:00,Thachin         ,Reach1,125488,1.1100815534591677
16/04/2026 03:00,Thachin         ,Reach1,84876,0.3499104082584381
16/04/2026 04:00,Thachin         ,Reach1,170764,1.836724877357483
16/04/2026 04:00,Thachin         ,Reach1,142824,1.0600943565368652
16/04/2026 04:00,Thachin         ,Reach1,125488,1.089964747428894
16/04/2026 04:00,Thachin         ,Reach1,84876,0.2599943876266479
16/04/2026 05:00,Thachin         ,Reach1,170764,1.8364200592041016
16/04/2026 05:00,Thachin         ,Reach1,142824,1.029919147491455
16/04/2026 05:00,Thachin         ,Reach1,125488,1.0698480606079102
16/04/2026 05:00,Thachin         ,Reach1,84876,0.2100072056055069
16/04/2026 06:00,Thachin         ,Reach1,170764,1.8364200592041016
16/04/2026 06:00,Thachin         ,Reach1,142824,1.0000487565994265
16/04/2026 06:00,Thachin         ,Reach1,125488,1.0399775505065918
16/04/2026 06:00,Thachin         ,Reach1,84876,0.3901439905166626
16/04/2026 07:00,Thachin         ,Reach1,170764,1.83611524105072
16/04/2026 07:00,Thachin         ,Reach1,142824,0.9698736071586608
16/04/2026 07:00,Thachin         ,Reach1,125488,1.010107159614563
16/04/2026 07:00,Thachin         ,Reach1,84876,0.6699503660202026
16/04/2026 08:00,Thachin         ,Reach1,170764,1.8287999629974363
16/04/2026 08:00,Thachin         ,Reach1,142824,0.9500616192817688
16/04/2026 08:00,Thachin         ,Reach1,125488,1.029919147491455
16/04/2026 08:00,Thachin         ,Reach1,84876,0.8098536133766174
16/04/2026 09:00,Thachin         ,Reach1,170764,1.815693497657776
16/04/2026 09:00,Thachin         ,Reach1,142824,0.9500616192817688
16/04/2026 09:00,Thachin         ,Reach1,125488,1.1100815534591677
16/04/2026 09:00,Thachin         ,Reach1,84876,0.9799320101737976
16/04/2026 10:00,Thachin         ,Reach1,170764,1.8044160604476929
16/04/2026 10:00,Thachin         ,Reach1,142824,1.010107159614563
16/04/2026 10:00,Thachin         ,Reach1,125488,1.189939260482788
16/04/2026 10:00,Thachin         ,Reach1,84876,1.0600943565368652
16/04/2026 11:00,Thachin         ,Reach1,170764,1.7903952598571775
16/04/2026 11:00,Thachin         ,Reach1,142824,1.089964747428894
16/04/2026 11:00,Thachin         ,Reach1,125488,1.2399263381958008
16/04/2026 11:00,Thachin         ,Reach1,84876,1.089964747428894
16/04/2026 12:00,Thachin         ,Reach1,170764,1.7760696411132812
16/04/2026 12:00,Thachin         ,Reach1,142824,1.1600688695907593
16/04/2026 12:00,Thachin         ,Reach1,125488,1.289913535118103
16/04/2026 12:00,Thachin         ,Reach1,84876,0.9899904131889344
16/04/2026 13:00,Thachin         ,Reach1,170764,1.7617441415786743
16/04/2026 13:00,Thachin         ,Reach1,142824,1.2100560665130615
16/04/2026 13:00,Thachin         ,Reach1,125488,1.1298936605453491
16/04/2026 13:00,Thachin         ,Reach1,84876,0.8500872254371643
16/04/2026 14:00,Thachin         ,Reach1,170764,1.7519904375076294
16/04/2026 14:00,Thachin         ,Reach1,142824,1.2201143503189087
16/04/2026 14:00,Thachin         ,Reach1,125488,1.0698480606079102
16/04/2026 14:00,Thachin         ,Reach1,84876,0.750112771987915
16/04/2026 15:00,Thachin         ,Reach1,170764,1.745894432067871
16/04/2026 15:00,Thachin         ,Reach1,142824,1.2201143503189087
16/04/2026 15:00,Thachin         ,Reach1,125488,1.0198607444763184
16/04/2026 15:00,Thachin         ,Reach1,84876,0.6900671720504761
16/04/2026 16:00,Thachin         ,Reach1,170764,1.7437608242034912
16/04/2026 16:00,Thachin         ,Reach1,142824,1.2100560665130615
16/04/2026 16:00,Thachin         ,Reach1,125488,1.0000487565994265
16/04/2026 16:00,Thachin         ,Reach1,84876,0.6300215721130371
16/04/2026 17:00,Thachin         ,Reach1,170764,1.747113585472107
16/04/2026 17:00,Thachin         ,Reach1,142824,1.2201143503189087
16/04/2026 17:00,Thachin         ,Reach1,125488,0.9500616192817688
16/04/2026 17:00,Thachin         ,Reach1,84876,0.5800344347953796
16/04/2026 18:00,Thachin         ,Reach1,170764,1.7468087673187256
16/04/2026 18:00,Thachin         ,Reach1,142824,1.2201143503189087
16/04/2026 18:00,Thachin         ,Reach1,125488,0.92994487285614
16/04/2026 18:00,Thachin         ,Reach1,84876,0.6300215721130371
16/04/2026 19:00,Thachin         ,Reach1,170764,1.7431511878967283
16/04/2026 19:00,Thachin         ,Reach1,142824,1.2201143503189087
16/04/2026 19:00,Thachin         ,Reach1,125488,0.919886350631714
16/04/2026 19:00,Thachin         ,Reach1,84876,0.7799832224845886
16/04/2026 20:00,Thachin         ,Reach1,170764,1.7355310916900637
16/04/2026 20:00,Thachin         ,Reach1,142824,1.2201143503189087
16/04/2026 20:00,Thachin         ,Reach1,125488,0.919886350631714
16/04/2026 20:00,Thachin         ,Reach1,84876,0.9601200222969056
16/04/2026 21:00,Thachin         ,Reach1,170764,1.7273015975952148
16/04/2026 21:00,Thachin         ,Reach1,142824,1.2201143503189087
16/04/2026 21:00,Thachin         ,Reach1,125488,0.9500616192817688
16/04/2026 21:00,Thachin         ,Reach1,84876,1.010107159614563
16/04/2026 22:00,Thachin         ,Reach1,170764,1.719681739807129
16/04/2026 22:00,Thachin         ,Reach1,142824,1.2201143503189087
16/04/2026 22:00,Thachin         ,Reach1,125488,1.0600943565368652
16/04/2026 22:00,Thachin         ,Reach1,84876,0.9899904131889344
16/04/2026 23:00,Thachin         ,Reach1,170764,1.712061643600464
16/04/2026 23:00,Thachin         ,Reach1,142824,1.2201143503189087
16/04/2026 23:00,Thachin         ,Reach1,125488,1.0799064636230469
16/04/2026 23:00,Thachin         ,Reach1,84876,0.860145628452301
17/04/2026 00:00,Thachin         ,Reach1,170764,1.7047463655471802
17/04/2026 00:00,Thachin         ,Reach1,142824,1.0698480606079102
17/04/2026 00:00,Thachin         ,Reach1,125488,1.0698480606079102
17/04/2026 00:00,Thachin         ,Reach1,84876,0.7598664164543152
17/04/2026 01:00,Thachin         ,Reach1,170764,1.6992599964141846
17/04/2026 01:00,Thachin         ,Reach1,142824,1.0600943565368652
17/04/2026 01:00,Thachin         ,Reach1,125488,1.0198607444763184
17/04/2026 01:00,Thachin         ,Reach1,84876,0.6699503660202026
17/04/2026 02:00,Thachin         ,Reach1,170764,1.6959072351455688
17/04/2026 02:00,Thachin         ,Reach1,142824,1.0500359535217283
17/04/2026 02:00,Thachin         ,Reach1,125488,0.9799320101737976
17/04/2026 02:00,Thachin         ,Reach1,84876,0.5800344347953796
17/04/2026 03:00,Thachin         ,Reach1,170764,1.695602536201477
17/04/2026 03:00,Thachin         ,Reach1,142824,1.029919147491455
17/04/2026 03:00,Thachin         ,Reach1,125488,0.9601200222969056
17/04/2026 03:00,Thachin         ,Reach1,84876,0.4998719990253448
17/04/2026 04:00,Thachin         ,Reach1,170764,1.6952975988388062
17/04/2026 04:00,Thachin         ,Reach1,142824,1.010107159614563
17/04/2026 04:00,Thachin         ,Reach1,125488,0.940003216266632
17/04/2026 04:00,Thachin         ,Reach1,84876,0.4099560081958771
17/04/2026 05:00,Thachin         ,Reach1,170764,1.6946879625320437
17/04/2026 05:00,Thachin         ,Reach1,142824,0.9500616192817688
17/04/2026 05:00,Thachin         ,Reach1,125488,0.919886350631714
17/04/2026 05:00,Thachin         ,Reach1,84876,0.3300983905792236
17/04/2026 06:00,Thachin         ,Reach1,170764,1.693773627281189
17/04/2026 06:00,Thachin         ,Reach1,142824,0.9500616192817688
17/04/2026 06:00,Thachin         ,Reach1,125488,0.8900160193443298
17/04/2026 06:00,Thachin         ,Reach1,84876,0.3300983905792236
17/04/2026 07:00,Thachin         ,Reach1,170764,1.684324860572815
17/04/2026 07:00,Thachin         ,Reach1,142824,0.919886350631714
17/04/2026 07:00,Thachin         ,Reach1,125488,0.860145628452301
17/04/2026 07:00,Thachin         ,Reach1,84876,0.6099047660827637
17/04/2026 08:00,Thachin         ,Reach1,170764,1.6657320261001587
17/04/2026 08:00,Thachin         ,Reach1,142824,0.9000744223594666
17/04/2026 08:00,Thachin         ,Reach1,125488,0.8299704194068909
17/04/2026 08:00,Thachin         ,Reach1,84876,0.8199120163917542
17/04/2026 09:00,Thachin         ,Reach1,170764,1.644091248512268
17/04/2026 09:00,Thachin         ,Reach1,142824,0.940003216266632
17/04/2026 09:00,Thachin         ,Reach1,125488,0.9000744223594666
17/04/2026 09:00,Thachin         ,Reach1,84876,0.940003216266632
17/04/2026 10:00,Thachin         ,Reach1,170764,1.6178784370422363
17/04/2026 10:00,Thachin         ,Reach1,142824,0.9601200222969056
17/04/2026 10:00,Thachin         ,Reach1,125488,0.9799320101737976
17/04/2026 10:00,Thachin         ,Reach1,84876,1.029919147491455
17/04/2026 11:00,Thachin         ,Reach1,170764,1.5989807844161987
17/04/2026 11:00,Thachin         ,Reach1,142824,0.9799320101737976
17/04/2026 11:00,Thachin         ,Reach1,125488,1.0399775505065918
17/04/2026 11:00,Thachin         ,Reach1,84876,1.0600943565368652
17/04/2026 12:00,Thachin         ,Reach1,170764,1.581607222557068
17/04/2026 12:00,Thachin         ,Reach1,142824,1.0000487565994265
17/04/2026 12:00,Thachin         ,Reach1,125488,1.0799064636230469
17/04/2026 12:00,Thachin         ,Reach1,84876,1.029919147491455
17/04/2026 13:00,Thachin         ,Reach1,170764,1.565148115158081
17/04/2026 13:00,Thachin         ,Reach1,142824,1.0198607444763184
17/04/2026 13:00,Thachin         ,Reach1,125488,1.1000231504440308
17/04/2026 13:00,Thachin         ,Reach1,84876,0.8400288224220276
17/04/2026 14:00,Thachin         ,Reach1,170764,1.5441168546676636
17/04/2026 14:00,Thachin         ,Reach1,142824,1.0399775505065918
17/04/2026 14:00,Thachin         ,Reach1,125488,1.0500359535217283
17/04/2026 14:00,Thachin         ,Reach1,84876,0.7299960255622864
17/04/2026 15:00,Thachin         ,Reach1,170764,1.531924843788147
17/04/2026 15:00,Thachin         ,Reach1,142824,1.0600943565368652
17/04/2026 15:00,Thachin         ,Reach1,125488,0.9899904131889344
17/04/2026 15:00,Thachin         ,Reach1,84876,0.6699503660202026
17/04/2026 16:00,Thachin         ,Reach1,170764,1.5279624462127686
17/04/2026 16:00,Thachin         ,Reach1,142824,0.9799320101737976
17/04/2026 16:00,Thachin         ,Reach1,125488,0.9601200222969056
17/04/2026 16:00,Thachin         ,Reach1,84876,0.5800344347953796
17/04/2026 17:00,Thachin         ,Reach1,170764,1.5328391790390017
17/04/2026 17:00,Thachin         ,Reach1,142824,0.919886350631714
17/04/2026 17:00,Thachin         ,Reach1,125488,0.9101328253746032
17/04/2026 17:00,Thachin         ,Reach1,84876,0.5199887752532959
17/04/2026 18:00,Thachin         ,Reach1,170764,1.53253436088562
17/04/2026 18:00,Thachin         ,Reach1,142824,0.8799576163291931
17/04/2026 18:00,Thachin         ,Reach1,125488,0.8799576163291931
17/04/2026 18:00,Thachin         ,Reach1,84876,0.4800600111484527
17/04/2026 19:00,Thachin         ,Reach1,170764,1.5206471681594849
17/04/2026 19:00,Thachin         ,Reach1,142824,0.8698992133140564
17/04/2026 19:00,Thachin         ,Reach1,125488,0.860145628452301
17/04/2026 19:00,Thachin         ,Reach1,84876,0.6099047660827637
17/04/2026 20:00,Thachin         ,Reach1,170764,1.505102515220642
17/04/2026 20:00,Thachin         ,Reach1,142824,0.8299704194068909
17/04/2026 20:00,Thachin         ,Reach1,125488,0.8500872254371643
17/04/2026 20:00,Thachin         ,Reach1,84876,0.8698992133140564
17/04/2026 21:00,Thachin         ,Reach1,170764,1.4849857091903689
17/04/2026 21:00,Thachin         ,Reach1,142824,0.8199120163917542
17/04/2026 21:00,Thachin         ,Reach1,125488,0.8900160193443298
17/04/2026 21:00,Thachin         ,Reach1,84876,0.9500616192817688
17/04/2026 22:00,Thachin         ,Reach1,170764,1.4685263633728027
17/04/2026 22:00,Thachin         ,Reach1,142824,0.860145628452301
17/04/2026 22:00,Thachin         ,Reach1,125488,0.9899904131889344
17/04/2026 22:00,Thachin         ,Reach1,84876,1.0198607444763184
17/04/2026 23:00,Thachin         ,Reach1,170764,1.4590777158737185
17/04/2026 23:00,Thachin         ,Reach1,142824,0.9500616192817688
17/04/2026 23:00,Thachin         ,Reach1,125488,1.029919147491455
17/04/2026 23:00,Thachin         ,Reach1,84876,1.010107159614563
18/04/2026 00:00,Thachin         ,Reach1,170764,1.45298171043396
18/04/2026 00:00,Thachin         ,Reach1,142824,1.0198607444763184
18/04/2026 00:00,Thachin         ,Reach1,125488,1.0600943565368652
18/04/2026 00:00,Thachin         ,Reach1,84876,0.8299704194068909
18/04/2026 01:00,Thachin         ,Reach1,170764,1.449933648109436
18/04/2026 01:00,Thachin         ,Reach1,142824,1.0500359535217283
18/04/2026 01:00,Thachin         ,Reach1,125488,1.0399775505065918
18/04/2026 01:00,Thachin         ,Reach1,84876,0.7199376225471497
18/04/2026 02:00,Thachin         ,Reach1,170764,1.4587727785110474
18/04/2026 02:00,Thachin         ,Reach1,142824,1.010107159614563
18/04/2026 02:00,Thachin         ,Reach1,125488,0.9799320101737976
18/04/2026 02:00,Thachin         ,Reach1,84876,0.6300215721130371
18/04/2026 03:00,Thachin         ,Reach1,170764,1.4798040390014648
18/04/2026 03:00,Thachin         ,Reach1,142824,0.9500616192817688
18/04/2026 03:00,Thachin         ,Reach1,125488,0.9500616192817688
18/04/2026 03:00,Thachin         ,Reach1,84876,0.5300471782684326
18/04/2026 04:00,Thachin         ,Reach1,170764,1.5011401176452637
18/04/2026 04:00,Thachin         ,Reach1,142824,0.919886350631714
18/04/2026 04:00,Thachin         ,Reach1,125488,0.919886350631714
18/04/2026 04:00,Thachin         ,Reach1,84876,0.4401312172412872
18/04/2026 05:00,Thachin         ,Reach1,170764,1.5115032196044922
18/04/2026 05:00,Thachin         ,Reach1,142824,0.8900160193443298
18/04/2026 05:00,Thachin         ,Reach1,125488,0.8900160193443298
18/04/2026 05:00,Thachin         ,Reach1,84876,0.3599688112735748
18/04/2026 06:00,Thachin         ,Reach1,170764,1.5145511627197266
18/04/2026 06:00,Thachin         ,Reach1,142824,0.860145628452301
18/04/2026 06:00,Thachin         ,Reach1,125488,0.8500872254371643
18/04/2026 06:00,Thachin         ,Reach1,84876,0.3300983905792236
18/04/2026 07:00,Thachin         ,Reach1,170764,1.5118080377578735
18/04/2026 07:00,Thachin         ,Reach1,142824,0.8299704194068909
18/04/2026 07:00,Thachin         ,Reach1,125488,0.8299704194068909
18/04/2026 07:00,Thachin         ,Reach1,84876,0.5900927782058716
18/04/2026 08:00,Thachin         ,Reach1,170764,1.513636827468872
18/04/2026 08:00,Thachin         ,Reach1,142824,0.8098536133766174
18/04/2026 08:00,Thachin         ,Reach1,125488,0.8001000285148621
18/04/2026 08:00,Thachin         ,Reach1,84876,0.8098536133766174
18/04/2026 09:00,Thachin         ,Reach1,170764,1.5160752534866333
18/04/2026 09:00,Thachin         ,Reach1,142824,0.7699248194694519
18/04/2026 09:00,Thachin         ,Reach1,125488,0.860145628452301
18/04/2026 09:00,Thachin         ,Reach1,84876,0.92994487285614
18/04/2026 10:00,Thachin         ,Reach1,170764,1.5115032196044922
18/04/2026 10:00,Thachin         ,Reach1,142824,0.8199120163917542
18/04/2026 10:00,Thachin         ,Reach1,125488,0.940003216266632
18/04/2026 10:00,Thachin         ,Reach1,84876,1.0000487565994265
18/04/2026 11:00,Thachin         ,Reach1,170764,1.5035784244537354
18/04/2026 11:00,Thachin         ,Reach1,142824,0.9101328253746032
18/04/2026 11:00,Thachin         ,Reach1,125488,1.0000487565994265
18/04/2026 11:00,Thachin         ,Reach1,84876,1.0600943565368652
18/04/2026 12:00,Thachin         ,Reach1,170764,1.4926055669784546
18/04/2026 12:00,Thachin         ,Reach1,142824,0.9899904131889344
18/04/2026 12:00,Thachin         ,Reach1,125488,1.0399775505065918
18/04/2026 12:00,Thachin         ,Reach1,84876,1.029919147491455
18/04/2026 13:00,Thachin         ,Reach1,170764,1.4828519821166992
18/04/2026 13:00,Thachin         ,Reach1,142824,1.029919147491455
18/04/2026 13:00,Thachin         ,Reach1,125488,1.0600943565368652
18/04/2026 13:00,Thachin         ,Reach1,84876,0.860145628452301
18/04/2026 14:00,Thachin         ,Reach1,170764,1.4785847663879397
18/04/2026 14:00,Thachin         ,Reach1,142824,1.0698480606079102
18/04/2026 14:00,Thachin         ,Reach1,125488,1.0500359535217283
18/04/2026 14:00,Thachin         ,Reach1,84876,0.7299960255622864
18/04/2026 15:00,Thachin         ,Reach1,170764,1.486204743385315
18/04/2026 15:00,Thachin         ,Reach1,142824,1.029919147491455
18/04/2026 15:00,Thachin         ,Reach1,125488,0.9698736071586608
18/04/2026 15:00,Thachin         ,Reach1,84876,0.6400799751281738
18/04/2026 16:00,Thachin         ,Reach1,170764,1.5011401176452637
18/04/2026 16:00,Thachin         ,Reach1,142824,0.9500616192817688
18/04/2026 16:00,Thachin         ,Reach1,125488,0.919886350631714
18/04/2026 16:00,Thachin         ,Reach1,84876,0.5599176287651062
18/04/2026 17:00,Thachin         ,Reach1,170764,1.5221712589263916
18/04/2026 17:00,Thachin         ,Reach1,142824,0.9000744223594666
18/04/2026 17:00,Thachin         ,Reach1,125488,0.8900160193443298
18/04/2026 17:00,Thachin         ,Reach1,84876,0.4800600111484527
18/04/2026 18:00,Thachin         ,Reach1,170764,1.5337536334991455
18/04/2026 18:00,Thachin         ,Reach1,142824,0.860145628452301
18/04/2026 18:00,Thachin         ,Reach1,125488,0.860145628452301
18/04/2026 18:00,Thachin         ,Reach1,84876,0.4401312172412872
18/04/2026 19:00,Thachin         ,Reach1,170764,1.5398496389389038
18/04/2026 19:00,Thachin         ,Reach1,142824,0.8299704194068909
18/04/2026 19:00,Thachin         ,Reach1,125488,0.8299704194068909
18/04/2026 19:00,Thachin         ,Reach1,84876,0.5498592257499695
18/04/2026 20:00,Thachin         ,Reach1,170764,1.5435072183609009
18/04/2026 20:00,Thachin         ,Reach1,142824,0.8001000285148621
18/04/2026 20:00,Thachin         ,Reach1,125488,0.8098536133766174
18/04/2026 20:00,Thachin         ,Reach1,84876,0.8098536133766174
18/04/2026 21:00,Thachin         ,Reach1,170764,1.5419832468032837
18/04/2026 21:00,Thachin         ,Reach1,142824,0.7799832224845886
18/04/2026 21:00,Thachin         ,Reach1,125488,0.8400288224220276
18/04/2026 21:00,Thachin         ,Reach1,84876,0.9500616192817688
18/04/2026 22:00,Thachin         ,Reach1,170764,1.540459156036377
18/04/2026 22:00,Thachin         ,Reach1,142824,0.8098536133766174
18/04/2026 22:00,Thachin         ,Reach1,125488,0.9500616192817688
18/04/2026 22:00,Thachin         ,Reach1,84876,1.0399775505065918
18/04/2026 23:00,Thachin         ,Reach1,170764,1.5380208492279053
18/04/2026 23:00,Thachin         ,Reach1,142824,0.919886350631714
18/04/2026 23:00,Thachin         ,Reach1,125488,1.010107159614563
18/04/2026 23:00,Thachin         ,Reach1,84876,1.089964747428894
19/04/2026 00:00,Thachin         ,Reach1,170764,1.53466796875
19/04/2026 00:00,Thachin         ,Reach1,142824,1.010107159614563
19/04/2026 00:00,Thachin         ,Reach1,125488,1.0500359535217283
19/04/2026 00:00,Thachin         ,Reach1,84876,1.0600943565368652
19/04/2026 01:00,Thachin         ,Reach1,170764,1.5322296619415283
19/04/2026 01:00,Thachin         ,Reach1,142824,1.0600943565368652
19/04/2026 01:00,Thachin         ,Reach1,125488,1.1000231504440308
19/04/2026 01:00,Thachin         ,Reach1,84876,0.9101328253746032
19/04/2026 02:00,Thachin         ,Reach1,170764,1.5352777242660522
19/04/2026 02:00,Thachin         ,Reach1,142824,1.1000231504440308
19/04/2026 02:00,Thachin         ,Reach1,125488,1.0698480606079102
19/04/2026 02:00,Thachin         ,Reach1,84876,0.7900416254997253
19/04/2026 03:00,Thachin         ,Reach1,170764,1.5468599796295166
19/04/2026 03:00,Thachin         ,Reach1,142824,1.0799064636230469
19/04/2026 03:00,Thachin         ,Reach1,125488,1.0198607444763184
19/04/2026 03:00,Thachin         ,Reach1,84876,0.7001255750656128
19/04/2026 04:00,Thachin         ,Reach1,170764,1.564233660697937
19/04/2026 04:00,Thachin         ,Reach1,142824,1.010107159614563
19/04/2026 04:00,Thachin         ,Reach1,125488,0.9799320101737976
19/04/2026 04:00,Thachin         ,Reach1,84876,0.6099047660827637
19/04/2026 05:00,Thachin         ,Reach1,170764,1.5809975862503052
19/04/2026 05:00,Thachin         ,Reach1,142824,0.9698736071586608
19/04/2026 05:00,Thachin         ,Reach1,125488,0.9500616192817688
19/04/2026 05:00,Thachin         ,Reach1,84876,0.5300471782684326
19/04/2026 06:00,Thachin         ,Reach1,170764,1.5959328413009644
19/04/2026 06:00,Thachin         ,Reach1,142824,0.92994487285614
19/04/2026 06:00,Thachin         ,Reach1,125488,0.92994487285614
19/04/2026 06:00,Thachin         ,Reach1,84876,0.4901184141635895
19/04/2026 07:00,Thachin         ,Reach1,170764,1.6056864261627195
19/04/2026 07:00,Thachin         ,Reach1,142824,0.9101328253746032
19/04/2026 07:00,Thachin         ,Reach1,125488,0.8900160193443298
19/04/2026 07:00,Thachin         ,Reach1,84876,0.6300215721130371
19/04/2026 08:00,Thachin         ,Reach1,170764,1.6093441247940063
19/04/2026 08:00,Thachin         ,Reach1,142824,0.8698992133140564
19/04/2026 08:00,Thachin         ,Reach1,125488,0.860145628452301
19/04/2026 08:00,Thachin         ,Reach1,84876,0.860145628452301
19/04/2026 09:00,Thachin         ,Reach1,170764,1.6047719717025757
19/04/2026 09:00,Thachin         ,Reach1,142824,0.8400288224220276
19/04/2026 09:00,Thachin         ,Reach1,125488,0.8900160193443298
19/04/2026 09:00,Thachin         ,Reach1,84876,0.9601200222969056
19/04/2026 10:00,Thachin         ,Reach1,170764,1.591055989265442
19/04/2026 10:00,Thachin         ,Reach1,142824,0.860145628452301
19/04/2026 10:00,Thachin         ,Reach1,125488,0.9799320101737976
19/04/2026 10:00,Thachin         ,Reach1,84876,1.0698480606079102
19/04/2026 11:00,Thachin         ,Reach1,170764,1.5752065181732178
19/04/2026 11:00,Thachin         ,Reach1,142824,0.9500616192817688
19/04/2026 11:00,Thachin         ,Reach1,125488,1.0399775505065918
19/04/2026 11:00,Thachin         ,Reach1,84876,1.1100815534591677
19/04/2026 12:00,Thachin         ,Reach1,170764,1.5590519905090332
19/04/2026 12:00,Thachin         ,Reach1,142824,1.0198607444763184
19/04/2026 12:00,Thachin         ,Reach1,125488,1.089964747428894
19/04/2026 12:00,Thachin         ,Reach1,84876,1.1000231504440308
19/04/2026 13:00,Thachin         ,Reach1,170764,1.5425927639007568
19/04/2026 13:00,Thachin         ,Reach1,142824,1.0600943565368652
19/04/2026 13:00,Thachin         ,Reach1,125488,1.1000231504440308
19/04/2026 13:00,Thachin         ,Reach1,84876,0.9000744223594666
19/04/2026 14:00,Thachin         ,Reach1,170764,1.5337536334991455
19/04/2026 14:00,Thachin         ,Reach1,142824,1.089964747428894
19/04/2026 14:00,Thachin         ,Reach1,125488,1.0698480606079102
19/04/2026 14:00,Thachin         ,Reach1,84876,0.7799832224845886
19/04/2026 15:00,Thachin         ,Reach1,170764,1.53253436088562
19/04/2026 15:00,Thachin         ,Reach1,142824,1.0500359535217283
19/04/2026 15:00,Thachin         ,Reach1,125488,1.0000487565994265
19/04/2026 15:00,Thachin         ,Reach1,84876,0.7001255750656128
19/04/2026 16:00,Thachin         ,Reach1,170764,1.540459156036377
19/04/2026 16:00,Thachin         ,Reach1,142824,0.9698736071586608
19/04/2026 16:00,Thachin         ,Reach1,125488,0.9601200222969056
19/04/2026 16:00,Thachin         ,Reach1,84876,0.6199631690979004
19/04/2026 17:00,Thachin         ,Reach1,170764,1.552955985069275
19/04/2026 17:00,Thachin         ,Reach1,142824,0.92994487285614
19/04/2026 17:00,Thachin         ,Reach1,125488,0.92994487285614
19/04/2026 17:00,Thachin         ,Reach1,84876,0.5199887752532959
19/04/2026 18:00,Thachin         ,Reach1,170764,1.5590519905090332
19/04/2026 18:00,Thachin         ,Reach1,142824,0.9000744223594666
19/04/2026 18:00,Thachin         ,Reach1,125488,0.9000744223594666
19/04/2026 18:00,Thachin         ,Reach1,84876,0.4498848021030426
19/04/2026 19:00,Thachin         ,Reach1,170764,1.5614904165267944
19/04/2026 19:00,Thachin         ,Reach1,142824,0.8698992133140564
19/04/2026 19:00,Thachin         ,Reach1,125488,0.860145628452301
19/04/2026 19:00,Thachin         ,Reach1,84876,0.4099560081958771
19/04/2026 20:00,Thachin         ,Reach1,170764,1.5627095699310305
19/04/2026 20:00,Thachin         ,Reach1,142824,0.8400288224220276
19/04/2026 20:00,Thachin         ,Reach1,125488,0.8400288224220276
19/04/2026 20:00,Thachin         ,Reach1,84876,0.6598920226097107
19/04/2026 21:00,Thachin         ,Reach1,170764,1.5614904165267944
19/04/2026 21:00,Thachin         ,Reach1,142824,0.8098536133766174
19/04/2026 21:00,Thachin         ,Reach1,125488,0.8098536133766174
19/04/2026 21:00,Thachin         ,Reach1,84876,0.8199120163917542
19/04/2026 22:00,Thachin         ,Reach1,170764,1.5584423542022705
19/04/2026 22:00,Thachin         ,Reach1,142824,0.7799832224845886
19/04/2026 22:00,Thachin         ,Reach1,125488,0.8799576163291931
19/04/2026 22:00,Thachin         ,Reach1,84876,0.9799320101737976
19/04/2026 23:00,Thachin         ,Reach1,170764,1.5541752576828003
19/04/2026 23:00,Thachin         ,Reach1,142824,0.8500872254371643
19/04/2026 23:00,Thachin         ,Reach1,125488,0.9698736071586608
19/04/2026 23:00,Thachin         ,Reach1,84876,1.0600943565368652
20/04/2026 00:00,Thachin         ,Reach1,170764,1.5492985248565674
20/04/2026 00:00,Thachin         ,Reach1,142824,0.9698736071586608
20/04/2026 00:00,Thachin         ,Reach1,125488,1.0399775505065918
20/04/2026 00:00,Thachin         ,Reach1,84876,1.0799064636230469
20/04/2026 01:00,Thachin         ,Reach1,170764,1.5419832468032837
20/04/2026 01:00,Thachin         ,Reach1,142824,1.0500359535217283
20/04/2026 01:00,Thachin         ,Reach1,125488,1.0799064636230469
20/04/2026 01:00,Thachin         ,Reach1,84876,1.0399775505065918
20/04/2026 02:00,Thachin         ,Reach1,170764,1.53680157661438
20/04/2026 02:00,Thachin         ,Reach1,142824,1.1000231504440308
20/04/2026 02:00,Thachin         ,Reach1,125488,1.1100815534591677
20/04/2026 02:00,Thachin         ,Reach1,84876,0.8900160193443298
20/04/2026 03:00,Thachin         ,Reach1,170764,1.5416784286499023
20/04/2026 03:00,Thachin         ,Reach1,142824,1.1201399564743042
20/04/2026 03:00,Thachin         ,Reach1,125488,1.0799064636230469
20/04/2026 03:00,Thachin         ,Reach1,84876,0.8001000285148621
20/04/2026 04:00,Thachin         ,Reach1,170764,1.555394411087036
20/04/2026 04:00,Thachin         ,Reach1,142824,1.089964747428894
20/04/2026 04:00,Thachin         ,Reach1,125488,1.0198607444763184
20/04/2026 04:00,Thachin         ,Reach1,84876,0.7199376225471497
20/04/2026 05:00,Thachin         ,Reach1,170764,1.5761208534240725
20/04/2026 05:00,Thachin         ,Reach1,142824,1.0198607444763184
20/04/2026 05:00,Thachin         ,Reach1,125488,0.9899904131889344
20/04/2026 05:00,Thachin         ,Reach1,84876,0.6598920226097107
20/04/2026 06:00,Thachin         ,Reach1,170764,1.594713568687439
20/04/2026 06:00,Thachin         ,Reach1,142824,0.9899904131889344
20/04/2026 06:00,Thachin         ,Reach1,125488,0.9601200222969056
20/04/2026 06:00,Thachin         ,Reach1,84876,0.6199631690979004
20/04/2026 07:00,Thachin         ,Reach1,170764,1.6084295511245728
20/04/2026 07:00,Thachin         ,Reach1,142824,0.9500616192817688
20/04/2026 07:00,Thachin         ,Reach1,125488,0.940003216266632
20/04/2026 07:00,Thachin         ,Reach1,84876,0.7098792195320129
20/04/2026 08:00,Thachin         ,Reach1,170764,1.6099536418914795
20/04/2026 08:00,Thachin         ,Reach1,142824,0.92994487285614
20/04/2026 08:00,Thachin         ,Reach1,125488,0.9101328253746032
20/04/2026 08:00,Thachin         ,Reach1,84876,0.9000744223594666
20/04/2026 09:00,Thachin         ,Reach1,170764,1.603248119354248
20/04/2026 09:00,Thachin         ,Reach1,142824,0.9101328253746032
20/04/2026 09:00,Thachin         ,Reach1,125488,0.940003216266632
20/04/2026 09:00,Thachin         ,Reach1,84876,1.0600943565368652
20/04/2026 10:00,Thachin         ,Reach1,170764,1.5901416540145874
20/04/2026 10:00,Thachin         ,Reach1,142824,0.919886350631714
20/04/2026 10:00,Thachin         ,Reach1,125488,1.0198607444763184
20/04/2026 10:00,Thachin         ,Reach1,84876,1.1298936605453491
20/04/2026 11:00,Thachin         ,Reach1,170764,1.5770351886749268
20/04/2026 11:00,Thachin         ,Reach1,142824,1.029919147491455
20/04/2026 11:00,Thachin         ,Reach1,125488,1.0799064636230469
20/04/2026 11:00,Thachin         ,Reach1,84876,1.1701271533966064
20/04/2026 12:00,Thachin         ,Reach1,170764,1.5611857175827026
20/04/2026 12:00,Thachin         ,Reach1,142824,1.089964747428894
20/04/2026 12:00,Thachin         ,Reach1,125488,1.1298936605453491
20/04/2026 12:00,Thachin         ,Reach1,84876,1.1399520635604858
20/04/2026 13:00,Thachin         ,Reach1,170764,1.5462504625320437
20/04/2026 13:00,Thachin         ,Reach1,142824,1.1298936605453491
20/04/2026 13:00,Thachin         ,Reach1,125488,1.1500104665756226
20/04/2026 13:00,Thachin         ,Reach1,84876,1.029919147491455
20/04/2026 14:00,Thachin         ,Reach1,170764,1.540459156036377
20/04/2026 14:00,Thachin         ,Reach1,142824,1.1600688695907593
20/04/2026 14:00,Thachin         ,Reach1,125488,1.1298936605453491
20/04/2026 14:00,Thachin         ,Reach1,84876,0.860145628452301
20/04/2026 15:00,Thachin         ,Reach1,170764,1.550212860107422
20/04/2026 15:00,Thachin         ,Reach1,142824,1.1298936605453491
20/04/2026 15:00,Thachin         ,Reach1,125488,1.0600943565368652
20/04/2026 15:00,Thachin         ,Reach1,84876,0.7699248194694519
20/04/2026 16:00,Thachin         ,Reach1,170764,1.5648431777954102
20/04/2026 16:00,Thachin         ,Reach1,142824,1.0500359535217283
20/04/2026 16:00,Thachin         ,Reach1,125488,1.0198607444763184
20/04/2026 16:00,Thachin         ,Reach1,84876,0.7001255750656128
20/04/2026 17:00,Thachin         ,Reach1,170764,1.5855696201324463
20/04/2026 17:00,Thachin         ,Reach1,142824,1.0000487565994265
20/04/2026 17:00,Thachin         ,Reach1,125488,0.9799320101737976
20/04/2026 17:00,Thachin         ,Reach1,84876,0.6501383781433105
20/04/2026 18:00,Thachin         ,Reach1,170764,1.5968471765518188
20/04/2026 18:00,Thachin         ,Reach1,142824,0.9601200222969056
20/04/2026 18:00,Thachin         ,Reach1,125488,0.940003216266632
20/04/2026 18:00,Thachin         ,Reach1,84876,0.5498592257499695
20/04/2026 19:00,Thachin         ,Reach1,170764,1.600504755973816
20/04/2026 19:00,Thachin         ,Reach1,142824,0.92994487285614
20/04/2026 19:00,Thachin         ,Reach1,125488,0.919886350631714
20/04/2026 19:00,Thachin         ,Reach1,84876,0.4998719990253448
20/04/2026 20:00,Thachin         ,Reach1,170764,1.5934944152832031
20/04/2026 20:00,Thachin         ,Reach1,142824,0.8900160193443298
20/04/2026 20:00,Thachin         ,Reach1,125488,0.8799576163291931
20/04/2026 20:00,Thachin         ,Reach1,84876,0.6099047660827637
20/04/2026 21:00,Thachin         ,Reach1,170764,1.581607222557068
20/04/2026 21:00,Thachin         ,Reach1,142824,0.860145628452301
20/04/2026 21:00,Thachin         ,Reach1,125488,0.8698992133140564
20/04/2026 21:00,Thachin         ,Reach1,84876,0.860145628452301
20/04/2026 22:00,Thachin         ,Reach1,170764,1.5675864219665527
20/04/2026 22:00,Thachin         ,Reach1,142824,0.8299704194068909
20/04/2026 22:00,Thachin         ,Reach1,125488,0.8799576163291931
20/04/2026 22:00,Thachin         ,Reach1,84876,1.0000487565994265
20/04/2026 23:00,Thachin         ,Reach1,170764,1.554479956626892
20/04/2026 23:00,Thachin         ,Reach1,142824,0.8500872254371643
20/04/2026 23:00,Thachin         ,Reach1,125488,0.9799320101737976
20/04/2026 23:00,Thachin         ,Reach1,84876,1.0799064636230469
21/04/2026 00:00,Thachin         ,Reach1,170764,1.5401544570922852
21/04/2026 00:00,Thachin         ,Reach1,142824,0.9698736071586608
21/04/2026 00:00,Thachin         ,Reach1,125488,1.0500359535217283
21/04/2026 00:00,Thachin         ,Reach1,84876,1.1399520635604858
21/04/2026 01:00,Thachin         ,Reach1,170764,1.5264383554458618
21/04/2026 01:00,Thachin         ,Reach1,142824,1.0500359535217283
21/04/2026 01:00,Thachin         ,Reach1,125488,1.1000231504440308
21/04/2026 01:00,Thachin         ,Reach1,84876,1.1600688695907593
21/04/2026 02:00,Thachin         ,Reach1,170764,1.5133320093154907
21/04/2026 02:00,Thachin         ,Reach1,142824,1.1000231504440308
21/04/2026 02:00,Thachin         ,Reach1,125488,1.1298936605453491
21/04/2026 02:00,Thachin         ,Reach1,84876,1.089964747428894
21/04/2026 03:00,Thachin         ,Reach1,170764,1.5118080377578735
21/04/2026 03:00,Thachin         ,Reach1,142824,1.1399520635604858
21/04/2026 03:00,Thachin         ,Reach1,125488,1.1500104665756226
21/04/2026 03:00,Thachin         ,Reach1,84876,0.92994487285614
21/04/2026 04:00,Thachin         ,Reach1,170764,1.5224759578704834
21/04/2026 04:00,Thachin         ,Reach1,142824,1.1500104665756226
21/04/2026 04:00,Thachin         ,Reach1,125488,1.1100815534591677
21/04/2026 04:00,Thachin         ,Reach1,84876,0.860145628452301
21/04/2026 05:00,Thachin         ,Reach1,170764,1.548079252243042
21/04/2026 05:00,Thachin         ,Reach1,142824,1.1000231504440308
21/04/2026 05:00,Thachin         ,Reach1,125488,1.0500359535217283
21/04/2026 05:00,Thachin         ,Reach1,84876,0.8098536133766174
21/04/2026 06:00,Thachin         ,Reach1,170764,1.580083250999451
21/04/2026 06:00,Thachin         ,Reach1,142824,1.0399775505065918
21/04/2026 06:00,Thachin         ,Reach1,125488,1.0198607444763184
21/04/2026 06:00,Thachin         ,Reach1,84876,0.7799832224845886
21/04/2026 07:00,Thachin         ,Reach1,170764,1.6102584600448608
21/04/2026 07:00,Thachin         ,Reach1,142824,1.0198607444763184
21/04/2026 07:00,Thachin         ,Reach1,125488,1.0000487565994265
21/04/2026 07:00,Thachin         ,Reach1,84876,0.8001000285148621
21/04/2026 08:00,Thachin         ,Reach1,170764,1.6190975904464722
21/04/2026 08:00,Thachin         ,Reach1,142824,0.9899904131889344
21/04/2026 08:00,Thachin         ,Reach1,125488,0.9799320101737976
21/04/2026 08:00,Thachin         ,Reach1,84876,0.9899904131889344
21/04/2026 09:00,Thachin         ,Reach1,170764,1.626412868499756
21/04/2026 09:00,Thachin         ,Reach1,142824,1.0671048164367676
21/04/2026 09:00,Thachin         ,Reach1,125488,1.0186415910720823
21/04/2026 09:00,Thachin         ,Reach1,84876,1.0622279644012451
21/04/2026 10:00,Thachin         ,Reach1,170764,1.636471152305603
21/04/2026 10:00,Thachin         ,Reach1,142824,1.0957560539245603
21/04/2026 10:00,Thachin         ,Reach1,125488,1.0564368963241575
21/04/2026 10:00,Thachin         ,Reach1,84876,1.105509638786316
21/04/2026 11:00,Thachin         ,Reach1,170764,1.6495776176452637
21/04/2026 11:00,Thachin         ,Reach1,142824,1.1362943649291992
21/04/2026 11:00,Thachin         ,Reach1,125488,1.109167218208313
21/04/2026 11:00,Thachin         ,Reach1,84876,1.1387327909469604
21/04/2026 12:00,Thachin         ,Reach1,170764,1.665427327156067
21/04/2026 12:00,Thachin         ,Reach1,142824,1.1801855564117432
21/04/2026 12:00,Thachin         ,Reach1,125488,1.153972864151001
21/04/2026 12:00,Thachin         ,Reach1,84876,1.135684847831726
21/04/2026 13:00,Thachin         ,Reach1,170764,1.6837152242660522
21/04/2026 13:00,Thachin         ,Reach1,142824,1.2143231630325315
21/04/2026 13:00,Thachin         ,Reach1,125488,1.1740896701812744
21/04/2026 13:00,Thachin         ,Reach1,84876,1.091793656349182
21/04/2026 14:00,Thachin         ,Reach1,170764,1.7020032405853271
21/04/2026 14:00,Thachin         ,Reach1,142824,1.2323064804077148
21/04/2026 14:00,Thachin         ,Reach1,125488,1.1713464260101318
21/04/2026 14:00,Thachin         ,Reach1,84876,1.0314432382583618
21/04/2026 15:00,Thachin         ,Reach1,170764,1.7190719842910769
21/04/2026 15:00,Thachin         ,Reach1,142824,1.2356592416763306
21/04/2026 15:00,Thachin         ,Reach1,125488,1.1545825004577637
21/04/2026 15:00,Thachin         ,Reach1,84876,0.962558388710022
21/04/2026 16:00,Thachin         ,Reach1,170764,1.7330927848815918
21/04/2026 16:00,Thachin         ,Reach1,142824,1.2289535999298096
21/04/2026 16:00,Thachin         ,Reach1,125488,1.1292840242385864
21/04/2026 16:00,Thachin         ,Reach1,84876,0.8881872296333313
21/04/2026 17:00,Thachin         ,Reach1,170764,1.7437608242034912
21/04/2026 17:00,Thachin         ,Reach1,142824,1.2152376174926758
21/04/2026 17:00,Thachin         ,Reach1,125488,1.098803997039795
21/04/2026 17:00,Thachin         ,Reach1,84876,0.8116824626922607
21/04/2026 18:00,Thachin         ,Reach1,170764,1.7510759830474854
21/04/2026 18:00,Thachin         ,Reach1,142824,1.196644902229309
21/04/2026 18:00,Thachin         ,Reach1,125488,1.0640567541122437
21/04/2026 18:00,Thachin         ,Reach1,84876,0.7348728179931641
21/04/2026 19:00,Thachin         ,Reach1,170764,1.7553431987762451
21/04/2026 19:00,Thachin         ,Reach1,142824,1.1743943691253662
21/04/2026 19:00,Thachin         ,Reach1,125488,1.0268712043762207
21/04/2026 19:00,Thachin         ,Reach1,84876,0.6647688150405884
21/04/2026 20:00,Thachin         ,Reach1,170764,1.7565624713897705
21/04/2026 20:00,Thachin         ,Reach1,142824,1.14940083026886
21/04/2026 20:00,Thachin         ,Reach1,125488,0.9884664416313172
21/04/2026 20:00,Thachin         ,Reach1,84876,0.613257646560669
21/04/2026 21:00,Thachin         ,Reach1,170764,1.7553431987762451
21/04/2026 21:00,Thachin         ,Reach1,142824,1.123188018798828
21/04/2026 21:00,Thachin         ,Reach1,125488,0.951585590839386
21/04/2026 21:00,Thachin         ,Reach1,84876,0.600760817527771
21/04/2026 22:00,Thachin         ,Reach1,170764,1.7522952556610107
21/04/2026 22:00,Thachin         ,Reach1,142824,1.0972800254821775
21/04/2026 22:00,Thachin         ,Reach1,125488,0.9204959869384766
21/04/2026 22:00,Thachin         ,Reach1,84876,0.6480047702789307
21/04/2026 23:00,Thachin         ,Reach1,170764,1.7474184036254885
21/04/2026 23:00,Thachin         ,Reach1,142824,1.074724793434143
21/04/2026 23:00,Thachin         ,Reach1,125488,0.9022080302238464
21/04/2026 23:00,Thachin         ,Reach1,84876,0.7498080134391785
22/04/2026 00:00,Thachin         ,Reach1,170764,1.741932034492493
22/04/2026 00:00,Thachin         ,Reach1,142824,1.0600943565368652
22/04/2026 00:00,Thachin         ,Reach1,125488,0.9052560329437256
22/04/2026 00:00,Thachin         ,Reach1,84876,0.8610600233078003
22/04/2026 01:00,Thachin         ,Reach1,170764,1.736445665359497
22/04/2026 01:00,Thachin         ,Reach1,142824,1.0570464134216309
22/04/2026 01:00,Thachin         ,Reach1,125488,0.9323832392692566
22/04/2026 01:00,Thachin         ,Reach1,84876,0.9345167875289916
22/04/2026 02:00,Thachin         ,Reach1,170764,1.731873631477356
22/04/2026 02:00,Thachin         ,Reach1,142824,1.0677144527435305
22/04/2026 02:00,Thachin         ,Reach1,125488,0.9707880020141602
22/04/2026 02:00,Thachin         ,Reach1,84876,0.95036643743515
22/04/2026 03:00,Thachin         ,Reach1,170764,1.7291303873062134
22/04/2026 03:00,Thachin         ,Reach1,142824,1.0850880146026611
22/04/2026 03:00,Thachin         ,Reach1,125488,0.9988296031951904
22/04/2026 03:00,Thachin         ,Reach1,84876,0.92232483625412
22/04/2026 04:00,Thachin         ,Reach1,170764,1.728825569152832
22/04/2026 04:00,Thachin         ,Reach1,142824,1.1000231504440308
22/04/2026 04:00,Thachin         ,Reach1,125488,1.0085831880569458
22/04/2026 04:00,Thachin         ,Reach1,84876,0.8799576163291931
22/04/2026 05:00,Thachin         ,Reach1,170764,1.729740023612976
22/04/2026 05:00,Thachin         ,Reach1,142824,1.1076432466506958
22/04/2026 05:00,Thachin         ,Reach1,125488,1.003706455230713
22/04/2026 05:00,Thachin         ,Reach1,84876,0.8308848142623901
22/04/2026 06:00,Thachin         ,Reach1,170764,1.7315689325332642
22/04/2026 06:00,Thachin         ,Reach1,142824,1.1076432466506958
22/04/2026 06:00,Thachin         ,Reach1,125488,0.9899904131889344
22/04/2026 06:00,Thachin         ,Reach1,84876,0.7842503786087036
22/04/2026 07:00,Thachin         ,Reach1,170764,1.7330927848815918
22/04/2026 07:00,Thachin         ,Reach1,142824,1.1018520593643188
22/04/2026 07:00,Thachin         ,Reach1,125488,0.97292160987854
22/04/2026 07:00,Thachin         ,Reach1,84876,0.7610856294631958
22/04/2026 08:00,Thachin         ,Reach1,170764,1.733702540397644
22/04/2026 08:00,Thachin         ,Reach1,142824,1.093012809753418
22/04/2026 08:00,Thachin         ,Reach1,125488,0.9576815962791444
22/04/2026 08:00,Thachin         ,Reach1,84876,0.7900416254997253
22/04/2026 09:00,Thachin         ,Reach1,170764,1.733702540397644
22/04/2026 09:00,Thachin         ,Reach1,142824,1.0856976509094238
22/04/2026 09:00,Thachin         ,Reach1,125488,0.953719198703766
22/04/2026 09:00,Thachin         ,Reach1,84876,0.8781288266181946
22/04/2026 10:00,Thachin         ,Reach1,170764,1.7327879667282104
22/04/2026 10:00,Thachin         ,Reach1,142824,1.0850880146026611
22/04/2026 10:00,Thachin         ,Reach1,125488,0.9710928201675416
22/04/2026 10:00,Thachin         ,Reach1,84876,0.9793224334716796
22/04/2026 11:00,Thachin         ,Reach1,170764,1.7324832677841189
22/04/2026 11:00,Thachin         ,Reach1,142824,1.097584843635559
22/04/2026 11:00,Thachin         ,Reach1,125488,1.0134600400924685
22/04/2026 11:00,Thachin         ,Reach1,84876,1.0494264364242554
22/04/2026 12:00,Thachin         ,Reach1,170764,1.733702540397644
22/04/2026 12:00,Thachin         ,Reach1,142824,1.124407172203064
22/04/2026 12:00,Thachin         ,Reach1,125488,1.065276026725769
22/04/2026 12:00,Thachin         ,Reach1,84876,1.0698480606079102
22/04/2026 13:00,Thachin         ,Reach1,170764,1.7370551824569702
22/04/2026 13:00,Thachin         ,Reach1,142824,1.1551920175552368
22/04/2026 13:00,Thachin         ,Reach1,125488,1.099718451499939
22/04/2026 13:00,Thachin         ,Reach1,84876,1.0326623916625977
22/04/2026 14:00,Thachin         ,Reach1,170764,1.7431511878967283
22/04/2026 14:00,Thachin         ,Reach1,142824,1.1777472496032717
22/04/2026 14:00,Thachin         ,Reach1,125488,1.1079480648040771
22/04/2026 14:00,Thachin         ,Reach1,84876,0.9738360047340392
22/04/2026 15:00,Thachin         ,Reach1,170764,1.7501616477966309
22/04/2026 15:00,Thachin         ,Reach1,142824,1.1871960163116455
22/04/2026 15:00,Thachin         ,Reach1,125488,1.0972800254821775
22/04/2026 15:00,Thachin         ,Reach1,84876,0.9073895812034608
22/04/2026 16:00,Thachin         ,Reach1,170764,1.7568671703338623
22/04/2026 16:00,Thachin         ,Reach1,142824,1.1850624084472656
22/04/2026 16:00,Thachin         ,Reach1,125488,1.0762487649917605
22/04/2026 16:00,Thachin         ,Reach1,84876,0.8360664248466492
22/04/2026 17:00,Thachin         ,Reach1,170764,1.7623536586761477
22/04/2026 17:00,Thachin         ,Reach1,142824,1.1746991872787476
22/04/2026 17:00,Thachin         ,Reach1,125488,1.048816800117493
22/04/2026 17:00,Thachin         ,Reach1,84876,0.7620000243186951
22/04/2026 18:00,Thachin         ,Reach1,170764,1.7654016017913818
22/04/2026 18:00,Thachin         ,Reach1,142824,1.158849596977234
22/04/2026 18:00,Thachin         ,Reach1,125488,1.017117619514465
22/04/2026 18:00,Thachin         ,Reach1,84876,0.6870191693305969
22/04/2026 19:00,Thachin         ,Reach1,170764,1.766316056251526
22/04/2026 19:00,Thachin         ,Reach1,142824,1.1387327909469604
22/04/2026 19:00,Thachin         ,Reach1,125488,0.9823704361915588
22/04/2026 19:00,Thachin         ,Reach1,84876,0.616000771522522
22/04/2026 20:00,Thachin         ,Reach1,170764,1.7650967836380005
22/04/2026 20:00,Thachin         ,Reach1,142824,1.115872859954834
22/04/2026 20:00,Thachin         ,Reach1,125488,0.945794403553009
22/04/2026 20:00,Thachin         ,Reach1,84876,0.556869626045227
22/04/2026 21:00,Thachin         ,Reach1,170764,1.7617441415786743
22/04/2026 21:00,Thachin         ,Reach1,142824,1.090879201889038
22/04/2026 21:00,Thachin         ,Reach1,125488,0.909218430519104
22/04/2026 21:00,Thachin         ,Reach1,84876,0.5227320194244385
22/04/2026 22:00,Thachin         ,Reach1,170764,1.7568671703338623
22/04/2026 22:00,Thachin         ,Reach1,142824,1.065276026725769
22/04/2026 22:00,Thachin         ,Reach1,125488,0.8756904006004333
22/04/2026 22:00,Thachin         ,Reach1,84876,0.5346192121505737
22/04/2026 23:00,Thachin         ,Reach1,170764,1.7504664659500122
22/04/2026 23:00,Thachin         ,Reach1,142824,1.0411968231201172
22/04/2026 23:00,Thachin         ,Reach1,125488,0.8497824668884277
22/04/2026 23:00,Thachin         ,Reach1,84876,0.6053327918052673
23/04/2026 00:00,Thachin         ,Reach1,170764,1.7431511878967283
23/04/2026 00:00,Thachin         ,Reach1,142824,1.021384835243225
23/04/2026 00:00,Thachin         ,Reach1,125488,0.838809609413147
23/04/2026 00:00,Thachin         ,Reach1,84876,0.7147560119628906
23/04/2026 01:00,Thachin         ,Reach1,170764,1.7352263927459717
23/04/2026 01:00,Thachin         ,Reach1,142824,1.0098024606704712
23/04/2026 01:00,Thachin         ,Reach1,125488,0.8494775891304016
23/04/2026 01:00,Thachin         ,Reach1,84876,0.8156448602676392
23/04/2026 02:00,Thachin         ,Reach1,170764,1.7279112339019775
23/04/2026 02:00,Thachin         ,Reach1,142824,1.0104119777679443
23/04/2026 02:00,Thachin         ,Reach1,125488,0.8814815878868103
23/04/2026 02:00,Thachin         ,Reach1,84876,0.876909613609314
23/04/2026 03:00,Thachin         ,Reach1,170764,1.7221200466156006
23/04/2026 03:00,Thachin         ,Reach1,142824,1.0229088068008425
23/04/2026 03:00,Thachin         ,Reach1,125488,0.9204959869384766
23/04/2026 03:00,Thachin         ,Reach1,84876,0.8909304141998291
23/04/2026 04:00,Thachin         ,Reach1,170764,1.7181576490402222
23/04/2026 04:00,Thachin         ,Reach1,142824,1.0411968231201172
23/04/2026 04:00,Thachin         ,Reach1,125488,0.947927951812744
23/04/2026 04:00,Thachin         ,Reach1,84876,0.866851270198822
23/04/2026 05:00,Thachin         ,Reach1,170764,1.7163288593292236
23/04/2026 05:00,Thachin         ,Reach1,142824,1.0564368963241575
23/04/2026 05:00,Thachin         ,Reach1,125488,0.9576815962791444
23/04/2026 05:00,Thachin         ,Reach1,84876,0.8250936269760132
23/04/2026 06:00,Thachin         ,Reach1,170764,1.7163288593292236
23/04/2026 06:00,Thachin         ,Reach1,142824,1.0646663904190063
23/04/2026 06:00,Thachin         ,Reach1,125488,0.9543288350105286
23/04/2026 06:00,Thachin         ,Reach1,84876,0.7818120121955872
23/04/2026 07:00,Thachin         ,Reach1,170764,1.7169383764266968
23/04/2026 07:00,Thachin         ,Reach1,142824,1.0658856630325315
23/04/2026 07:00,Thachin         ,Reach1,125488,0.9436607956886292
23/04/2026 07:00,Thachin         ,Reach1,84876,0.7601711750030518
23/04/2026 08:00,Thachin         ,Reach1,170764,1.717548131942749
23/04/2026 08:00,Thachin         ,Reach1,142824,1.0628376007080078
23/04/2026 08:00,Thachin         ,Reach1,125488,0.933907151222229
23/04/2026 08:00,Thachin         ,Reach1,84876,0.789736807346344
23/04/2026 09:00,Thachin         ,Reach1,170764,1.7178528308868408
23/04/2026 09:00,Thachin         ,Reach1,142824,1.0600943565368652
23/04/2026 09:00,Thachin         ,Reach1,125488,0.934821605682373
23/04/2026 09:00,Thachin         ,Reach1,84876,0.8775191903114319
23/04/2026 10:00,Thachin         ,Reach1,170764,1.7178528308868408
23/04/2026 10:00,Thachin         ,Reach1,142824,1.0640567541122437
23/04/2026 10:00,Thachin         ,Reach1,125488,0.9570720195770264
23/04/2026 10:00,Thachin         ,Reach1,84876,0.97292160987854
23/04/2026 11:00,Thachin         ,Reach1,170764,1.7184624671936035
23/04/2026 11:00,Thachin         ,Reach1,142824,1.0808207988739014
23/04/2026 11:00,Thachin         ,Reach1,125488,1.0027920007705688
23/04/2026 11:00,Thachin         ,Reach1,84876,1.0381487607955933
23/04/2026 12:00,Thachin         ,Reach1,170764,1.7205959558486938
23/04/2026 12:00,Thachin         ,Reach1,142824,1.1106911897659302
23/04/2026 12:00,Thachin         ,Reach1,125488,1.054912805557251
23/04/2026 12:00,Thachin         ,Reach1,84876,1.0546079874038696
23/04/2026 13:00,Thachin         ,Reach1,170764,1.7248631715774536
23/04/2026 13:00,Thachin         ,Reach1,142824,1.1426951885223389
23/04/2026 13:00,Thachin         ,Reach1,125488,1.0878312587738037
23/04/2026 13:00,Thachin         ,Reach1,84876,1.017727255821228
23/04/2026 14:00,Thachin         ,Reach1,170764,1.731873631477356
23/04/2026 14:00,Thachin         ,Reach1,142824,1.165555119514465
23/04/2026 14:00,Thachin         ,Reach1,125488,1.095146417617798
23/04/2026 14:00,Thachin         ,Reach1,84876,0.9616439938545228
23/04/2026 15:00,Thachin         ,Reach1,170764,1.7394936084747314
23/04/2026 15:00,Thachin         ,Reach1,142824,1.1746991872787476
23/04/2026 15:00,Thachin         ,Reach1,125488,1.084478497505188
23/04/2026 15:00,Thachin         ,Reach1,84876,0.8976359963417053
23/04/2026 16:00,Thachin         ,Reach1,170764,1.7468087673187256
23/04/2026 16:00,Thachin         ,Reach1,142824,1.172870397567749
23/04/2026 16:00,Thachin         ,Reach1,125488,1.0640567541122437
23/04/2026 16:00,Thachin         ,Reach1,84876,0.828751266002655
23/04/2026 17:00,Thachin         ,Reach1,170764,1.752600073814392
23/04/2026 17:00,Thachin         ,Reach1,142824,1.1631168127059937
23/04/2026 17:00,Thachin         ,Reach1,125488,1.03753924369812
23/04/2026 17:00,Thachin         ,Reach1,84876,0.7565136551856995
23/04/2026 18:00,Thachin         ,Reach1,170764,1.7559528350830078
23/04/2026 18:00,Thachin         ,Reach1,142824,1.147572040557861
23/04/2026 18:00,Thachin         ,Reach1,125488,1.006449580192566
23/04/2026 18:00,Thachin         ,Reach1,84876,0.6830567717552185
23/04/2026 19:00,Thachin         ,Reach1,170764,1.7571719884872437
23/04/2026 19:00,Thachin         ,Reach1,142824,1.1283695697784424
23/04/2026 19:00,Thachin         ,Reach1,125488,0.9726167917251588
23/04/2026 19:00,Thachin         ,Reach1,84876,0.6114287972450256
23/04/2026 20:00,Thachin         ,Reach1,170764,1.7562576532363892
23/04/2026 20:00,Thachin         ,Reach1,142824,1.1058144569396973
23/04/2026 20:00,Thachin         ,Reach1,125488,0.9366503953933716
23/04/2026 20:00,Thachin         ,Reach1,84876,0.5468112230300903
23/04/2026 21:00,Thachin         ,Reach1,170764,1.7535144090652466
23/04/2026 21:00,Thachin         ,Reach1,142824,1.0811256170272827
23/04/2026 21:00,Thachin         ,Reach1,125488,0.8994647860527039
23/04/2026 21:00,Thachin         ,Reach1,84876,0.497433602809906
23/04/2026 22:00,Thachin         ,Reach1,170764,1.7486376762390137
23/04/2026 22:00,Thachin         ,Reach1,142824,1.0555224418640137
23/04/2026 22:00,Thachin         ,Reach1,125488,0.8638032674789429
23/04/2026 22:00,Thachin         ,Reach1,84876,0.4767072200775146
23/04/2026 23:00,Thachin         ,Reach1,170764,1.7425416707992554
23/04/2026 23:00,Thachin         ,Reach1,142824,1.029919147491455
23/04/2026 23:00,Thachin         ,Reach1,125488,0.8317992091178894
23/04/2026 23:00,Thachin         ,Reach1,84876,0.5010912418365479
24/04/2026 00:00,Thachin         ,Reach1,170764,1.7352263927459717
24/04/2026 00:00,Thachin         ,Reach1,142824,1.006144881248474
24/04/2026 00:00,Thachin         ,Reach1,125488,0.8086344599723816
24/04/2026 00:00,Thachin         ,Reach1,84876,0.5739384293556213
24/04/2026 01:00,Thachin         ,Reach1,170764,1.7269967794418335
24/04/2026 01:00,Thachin         ,Reach1,142824,0.9872472286224364
24/04/2026 01:00,Thachin         ,Reach1,125488,0.7997952103614807
24/04/2026 01:00,Thachin         ,Reach1,84876,0.6745223999023438
24/04/2026 02:00,Thachin         ,Reach1,170764,1.718767166137695
24/04/2026 02:00,Thachin         ,Reach1,142824,0.9762744307518004
24/04/2026 02:00,Thachin         ,Reach1,125488,0.8107680082321167
24/04/2026 02:00,Thachin         ,Reach1,84876,0.7650480270385742
24/04/2026 03:00,Thachin         ,Reach1,170764,1.7111471891403198
24/04/2026 03:00,Thachin         ,Reach1,142824,0.9762744307518004
24/04/2026 03:00,Thachin         ,Reach1,125488,0.8406383991241455
24/04/2026 03:00,Thachin         ,Reach1,84876,0.8293607831001282
24/04/2026 04:00,Thachin         ,Reach1,170764,1.7047463655471802
24/04/2026 04:00,Thachin         ,Reach1,142824,0.9878568053245544
24/04/2026 04:00,Thachin         ,Reach1,125488,0.8775191903114319
24/04/2026 04:00,Thachin         ,Reach1,84876,0.8452104330062866
24/04/2026 05:00,Thachin         ,Reach1,170764,1.7001744508743286
24/04/2026 05:00,Thachin         ,Reach1,142824,1.0043160915374756
24/04/2026 05:00,Thachin         ,Reach1,125488,0.904036819934845
24/04/2026 05:00,Thachin         ,Reach1,84876,0.8177784085273743
24/04/2026 06:00,Thachin         ,Reach1,170764,1.6977360248565674
24/04/2026 06:00,Thachin         ,Reach1,142824,1.018946409225464
24/04/2026 06:00,Thachin         ,Reach1,125488,0.9143999814987184
24/04/2026 06:00,Thachin         ,Reach1,84876,0.779678463935852
24/04/2026 07:00,Thachin         ,Reach1,170764,1.6968215703964231
24/04/2026 07:00,Thachin         ,Reach1,142824,1.027176022529602
24/04/2026 07:00,Thachin         ,Reach1,125488,0.9131808280944824
24/04/2026 07:00,Thachin         ,Reach1,84876,0.763524055480957
24/04/2026 08:00,Thachin         ,Reach1,170764,1.697126388549805
24/04/2026 08:00,Thachin         ,Reach1,142824,1.0308336019515991
24/04/2026 08:00,Thachin         ,Reach1,125488,0.9107424020767212
24/04/2026 08:00,Thachin         ,Reach1,84876,0.8004047870635986
24/04/2026 09:00,Thachin         ,Reach1,170764,1.697431206703186
24/04/2026 09:00,Thachin         ,Reach1,142824,1.0341863632202148
24/04/2026 09:00,Thachin         ,Reach1,125488,0.9192768335342408
24/04/2026 09:00,Thachin         ,Reach1,84876,0.8887968063354492
24/04/2026 10:00,Thachin         ,Reach1,170764,1.69834566116333
24/04/2026 10:00,Thachin         ,Reach1,142824,1.044549584388733
24/04/2026 10:00,Thachin         ,Reach1,125488,0.9491472244262696
24/04/2026 10:00,Thachin         ,Reach1,84876,0.9765791893005372
24/04/2026 11:00,Thachin         ,Reach1,170764,1.7001744508743286
24/04/2026 11:00,Thachin         ,Reach1,142824,1.068019151687622
24/04/2026 11:00,Thachin         ,Reach1,125488,1.0003535747528076
24/04/2026 11:00,Thachin         ,Reach1,84876,1.03753924369812
24/04/2026 12:00,Thachin         ,Reach1,170764,1.7038320302963257
24/04/2026 12:00,Thachin         ,Reach1,142824,1.103071212768555
24/04/2026 12:00,Thachin         ,Reach1,125488,1.0555224418640137
24/04/2026 12:00,Thachin         ,Reach1,84876,1.058570384979248
24/04/2026 13:00,Thachin         ,Reach1,170764,1.710232853889465
24/04/2026 13:00,Thachin         ,Reach1,142824,1.1390376091003418
24/04/2026 13:00,Thachin         ,Reach1,125488,1.0905743837356567
24/04/2026 13:00,Thachin         ,Reach1,84876,1.027176022529602
24/04/2026 14:00,Thachin         ,Reach1,170764,1.7190719842910769
24/04/2026 14:00,Thachin         ,Reach1,142824,1.1646409034729004
24/04/2026 14:00,Thachin         ,Reach1,125488,1.0994136333465576
24/04/2026 14:00,Thachin         ,Reach1,84876,0.974445641040802
24/04/2026 15:00,Thachin         ,Reach1,170764,1.7285208702087402
24/04/2026 15:00,Thachin         ,Reach1,142824,1.1753088235855105
24/04/2026 15:00,Thachin         ,Reach1,125488,1.089964747428894
24/04/2026 15:00,Thachin         ,Reach1,84876,0.9137904047966005
24/04/2026 16:00,Thachin         ,Reach1,170764,1.7376649379730225
24/04/2026 16:00,Thachin         ,Reach1,142824,1.1743943691253662
24/04/2026 16:00,Thachin         ,Reach1,125488,1.0704576969146729
24/04/2026 16:00,Thachin         ,Reach1,84876,0.8473439812660217
24/04/2026 17:00,Thachin         ,Reach1,170764,1.7446751594543457
24/04/2026 17:00,Thachin         ,Reach1,142824,1.165555119514465
24/04/2026 17:00,Thachin         ,Reach1,125488,1.0448544025421145
24/04/2026 17:00,Thachin         ,Reach1,84876,0.7769352197647095
24/04/2026 18:00,Thachin         ,Reach1,170764,1.7495518922805786
24/04/2026 18:00,Thachin         ,Reach1,142824,1.1512296199798584
24/04/2026 18:00,Thachin         ,Reach1,125488,1.0149840116500854
24/04/2026 18:00,Thachin         ,Reach1,84876,0.7053071856498718
24/04/2026 19:00,Thachin         ,Reach1,170764,1.7516857385635376
24/04/2026 19:00,Thachin         ,Reach1,142824,1.132636785507202
24/04/2026 19:00,Thachin         ,Reach1,125488,0.981760799884796
24/04/2026 19:00,Thachin         ,Reach1,84876,0.6339839696884155
24/04/2026 20:00,Thachin         ,Reach1,170764,1.7516857385635376
24/04/2026 20:00,Thachin         ,Reach1,142824,1.1109960079193115
24/04/2026 20:00,Thachin         ,Reach1,125488,0.9464040398597716
24/04/2026 20:00,Thachin         ,Reach1,84876,0.5666232109069824
24/04/2026 21:00,Thachin         ,Reach1,170764,1.7495518922805786
24/04/2026 21:00,Thachin         ,Reach1,142824,1.0869168043136597
24/04/2026 21:00,Thachin         ,Reach1,125488,0.9095231890678406
24/04/2026 21:00,Thachin         ,Reach1,84876,0.5059679746627808
24/04/2026 22:00,Thachin         ,Reach1,170764,1.7455897331237793
24/04/2026 22:00,Thachin         ,Reach1,142824,1.0613136291503906
24/04/2026 22:00,Thachin         ,Reach1,125488,0.8723375797271729
24/04/2026 22:00,Thachin         ,Reach1,84876,0.459333598613739
24/04/2026 23:00,Thachin         ,Reach1,170764,1.740103244781494
24/04/2026 23:00,Thachin         ,Reach1,142824,1.0347959995269775
24/04/2026 23:00,Thachin         ,Reach1,125488,0.8363711833953857
24/04/2026 23:00,Thachin         ,Reach1,84876,0.4361687898635864
25/04/2026 00:00,Thachin         ,Reach1,170764,1.7330927848815918
25/04/2026 00:00,Thachin         ,Reach1,142824,1.0085831880569458
25/04/2026 00:00,Thachin         ,Reach1,125488,0.8037576079368591
25/04/2026 00:00,Thachin         ,Reach1,84876,0.4498848021030426
25/04/2026 01:00,Thachin         ,Reach1,170764,1.725167989730835
25/04/2026 01:00,Thachin         ,Reach1,142824,0.983894407749176
25/04/2026 01:00,Thachin         ,Reach1,125488,0.7781543731689453
25/04/2026 01:00,Thachin         ,Reach1,84876,0.5044440031051636
25/04/2026 02:00,Thachin         ,Reach1,170764,1.7163288593292236
25/04/2026 02:00,Thachin         ,Reach1,142824,0.9628632068634032
25/04/2026 02:00,Thachin         ,Reach1,125488,0.7641335725784302
25/04/2026 02:00,Thachin         ,Reach1,84876,0.591312050819397
25/04/2026 03:00,Thachin         ,Reach1,170764,1.7074897289276123
25/04/2026 03:00,Thachin         ,Reach1,142824,0.9485375881195068
25/04/2026 03:00,Thachin         ,Reach1,125488,0.7671815752983093
25/04/2026 03:00,Thachin         ,Reach1,84876,0.687933623790741
25/04/2026 04:00,Thachin         ,Reach1,170764,1.6992599964141846
25/04/2026 04:00,Thachin         ,Reach1,142824,0.9436607956886292
25/04/2026 04:00,Thachin         ,Reach1,125488,0.7879080176353455
25/04/2026 04:00,Thachin         ,Reach1,84876,0.7488936185836792
25/04/2026 05:00,Thachin         ,Reach1,170764,1.6916401386260986
25/04/2026 05:00,Thachin         ,Reach1,142824,0.947927951812744
25/04/2026 05:00,Thachin         ,Reach1,125488,0.8147304654121399
25/04/2026 05:00,Thachin         ,Reach1,84876,0.7452359795570374
25/04/2026 06:00,Thachin         ,Reach1,170764,1.6855441331863403
25/04/2026 06:00,Thachin         ,Reach1,142824,0.956767201423645
25/04/2026 06:00,Thachin         ,Reach1,125488,0.8333231806755066
25/04/2026 06:00,Thachin         ,Reach1,84876,0.7184136509895325
25/04/2026 07:00,Thachin         ,Reach1,170764,1.6809719800949097
25/04/2026 07:00,Thachin         ,Reach1,142824,0.9653016328811646
25/04/2026 07:00,Thachin         ,Reach1,125488,0.8415527939796448
25/04/2026 07:00,Thachin         ,Reach1,84876,0.7153655886650085
25/04/2026 08:00,Thachin         ,Reach1,170764,1.6779240369796753
25/04/2026 08:00,Thachin         ,Reach1,142824,0.972312033176422
25/04/2026 08:00,Thachin         ,Reach1,125488,0.8485631942749023
25/04/2026 08:00,Thachin         ,Reach1,84876,0.7684007883071899
25/04/2026 09:00,Thachin         ,Reach1,170764,1.6760952472686768
25/04/2026 09:00,Thachin         ,Reach1,142824,0.9808464050292968
25/04/2026 09:00,Thachin         ,Reach1,125488,0.8674607872962952
25/04/2026 09:00,Thachin         ,Reach1,84876,0.8610600233078003
25/04/2026 10:00,Thachin         ,Reach1,170764,1.6754857301712036
25/04/2026 10:00,Thachin         ,Reach1,142824,0.9976103901863098
25/04/2026 10:00,Thachin         ,Reach1,125488,0.907694399356842
25/04/2026 10:00,Thachin         ,Reach1,84876,0.9424416422843932
25/04/2026 11:00,Thachin         ,Reach1,170764,1.676400065422058
25/04/2026 11:00,Thachin         ,Reach1,142824,1.027176022529602
25/04/2026 11:00,Thachin         ,Reach1,125488,0.9649967551231384
25/04/2026 11:00,Thachin         ,Reach1,84876,0.9976103901863098
25/04/2026 12:00,Thachin         ,Reach1,170764,1.6803624629974363
25/04/2026 12:00,Thachin         ,Reach1,142824,1.0667999982833862
25/04/2026 12:00,Thachin         ,Reach1,125488,1.020470380783081
25/04/2026 12:00,Thachin         ,Reach1,84876,1.0119359493255615
25/04/2026 13:00,Thachin         ,Reach1,170764,1.6867631673812866
25/04/2026 13:00,Thachin         ,Reach1,142824,1.1036808490753174
25/04/2026 13:00,Thachin         ,Reach1,125488,1.0524743795394895
25/04/2026 13:00,Thachin         ,Reach1,84876,0.9811512231826782
25/04/2026 14:00,Thachin         ,Reach1,170764,1.695602536201477
25/04/2026 14:00,Thachin         ,Reach1,142824,1.1283695697784424
25/04/2026 14:00,Thachin         ,Reach1,125488,1.059484839439392
25/04/2026 14:00,Thachin         ,Reach1,84876,0.933907151222229
25/04/2026 15:00,Thachin         ,Reach1,170764,1.7050511837005615
25/04/2026 15:00,Thachin         ,Reach1,142824,1.1390376091003418
25/04/2026 15:00,Thachin         ,Reach1,125488,1.0509504079818726
25/04/2026 15:00,Thachin         ,Reach1,84876,0.8799576163291931
25/04/2026 16:00,Thachin         ,Reach1,170764,1.7138904333114624
25/04/2026 16:00,Thachin         ,Reach1,142824,1.1387327909469604
25/04/2026 16:00,Thachin         ,Reach1,125488,1.032967209815979
25/04/2026 16:00,Thachin         ,Reach1,84876,0.8202168345451355
25/04/2026 17:00,Thachin         ,Reach1,170764,1.7212055921554563
25/04/2026 17:00,Thachin         ,Reach1,142824,1.131112813949585
25/04/2026 17:00,Thachin         ,Reach1,125488,1.0098024606704712
25/04/2026 17:00,Thachin         ,Reach1,84876,0.7559040188789368
25/04/2026 18:00,Thachin         ,Reach1,170764,1.726082444190979
25/04/2026 18:00,Thachin         ,Reach1,142824,1.1183111667633057
25/04/2026 18:00,Thachin         ,Reach1,125488,0.9823704361915588
25/04/2026 18:00,Thachin         ,Reach1,84876,0.6885432004928589
25/04/2026 19:00,Thachin         ,Reach1,170764,1.7285208702087402
25/04/2026 19:00,Thachin         ,Reach1,142824,1.1012424230575562
25/04/2026 19:00,Thachin         ,Reach1,125488,0.951585590839386
25/04/2026 19:00,Thachin         ,Reach1,84876,0.6208775639533997
25/04/2026 20:00,Thachin         ,Reach1,170764,1.728825569152832
25/04/2026 20:00,Thachin         ,Reach1,142824,1.081430435180664
25/04/2026 20:00,Thachin         ,Reach1,125488,0.9183624386787416
25/04/2026 20:00,Thachin         ,Reach1,84876,0.5550407767295837
25/04/2026 21:00,Thachin         ,Reach1,170764,1.7273015975952148
25/04/2026 21:00,Thachin         ,Reach1,142824,1.0591800212860107
25/04/2026 21:00,Thachin         ,Reach1,125488,0.8833104372024536
25/04/2026 21:00,Thachin         ,Reach1,84876,0.4925568103790283
25/04/2026 22:00,Thachin         ,Reach1,170764,1.7239488363265991
25/04/2026 22:00,Thachin         ,Reach1,142824,1.0351008176803589
25/04/2026 22:00,Thachin         ,Reach1,125488,0.8476487994194031
25/04/2026 22:00,Thachin         ,Reach1,84876,0.4364736080169678
25/04/2026 23:00,Thachin         ,Reach1,170764,1.718767166137695
25/04/2026 23:00,Thachin         ,Reach1,142824,1.0098024606704712
25/04/2026 23:00,Thachin         ,Reach1,125488,0.8113775849342346
25/04/2026 23:00,Thachin         ,Reach1,84876,0.3916679918766022
26/04/2026 00:00,Thachin         ,Reach1,170764,1.712671160697937
26/04/2026 00:00,Thachin         ,Reach1,142824,0.9835895895957948
26/04/2026 00:00,Thachin         ,Reach1,125488,0.7766304612159729
26/04/2026 00:00,Thachin         ,Reach1,84876,0.366674393415451
26/04/2026 01:00,Thachin         ,Reach1,170764,1.7053560018539429
26/04/2026 01:00,Thachin         ,Reach1,142824,0.9579863548278807
26/04/2026 01:00,Thachin         ,Reach1,125488,0.7446264624595642
26/04/2026 01:00,Thachin         ,Reach1,84876,0.3727704286575317
26/04/2026 02:00,Thachin         ,Reach1,170764,1.6968215703964231
26/04/2026 02:00,Thachin         ,Reach1,142824,0.933907151222229
26/04/2026 02:00,Thachin         ,Reach1,125488,0.7184136509895325
26/04/2026 02:00,Thachin         ,Reach1,84876,0.4200144112110138
26/04/2026 03:00,Thachin         ,Reach1,170764,1.687982439994812
26/04/2026 03:00,Thachin         ,Reach1,142824,0.9125711917877196
26/04/2026 03:00,Thachin         ,Reach1,125488,0.7028688192367554
26/04/2026 03:00,Thachin         ,Reach1,84876,0.5090159773826599
26/04/2026 04:00,Thachin         ,Reach1,170764,1.6791431903839111
26/04/2026 04:00,Thachin         ,Reach1,142824,0.8973312377929688
26/04/2026 04:00,Thachin         ,Reach1,125488,0.702564001083374
26/04/2026 04:00,Thachin         ,Reach1,84876,0.5958840250968933
26/04/2026 05:00,Thachin         ,Reach1,170764,1.6703040599822998
26/04/2026 05:00,Thachin         ,Reach1,142824,0.8891016244888306
26/04/2026 05:00,Thachin         ,Reach1,125488,0.7150607705116272
26/04/2026 05:00,Thachin         ,Reach1,84876,0.6205728054046631
26/04/2026 06:00,Thachin         ,Reach1,170764,1.6620744466781616
26/04/2026 06:00,Thachin         ,Reach1,142824,0.8878824710845947
26/04/2026 06:00,Thachin         ,Reach1,125488,0.730300784111023
26/04/2026 06:00,Thachin         ,Reach1,84876,0.6129527688026428
26/04/2026 07:00,Thachin         ,Reach1,170764,1.6550639867782593
26/04/2026 07:00,Thachin         ,Reach1,142824,0.8903208374977112
26/04/2026 07:00,Thachin         ,Reach1,125488,0.7427976131439209
26/04/2026 07:00,Thachin         ,Reach1,84876,0.6291071772575378
26/04/2026 08:00,Thachin         ,Reach1,170764,1.6495776176452637
26/04/2026 08:00,Thachin         ,Reach1,142824,0.8958072066307068
26/04/2026 08:00,Thachin         ,Reach1,125488,0.7577328085899353
26/04/2026 08:00,Thachin         ,Reach1,84876,0.7019544243812561
26/04/2026 09:00,Thachin         ,Reach1,170764,1.6450055837631226
26/04/2026 09:00,Thachin         ,Reach1,142824,0.9067800045013428
26/04/2026 09:00,Thachin         ,Reach1,125488,0.7872983813285828
26/04/2026 09:00,Thachin         ,Reach1,84876,0.7985759973526001
26/04/2026 10:00,Thachin         ,Reach1,170764,1.642567157745361
26/04/2026 10:00,Thachin         ,Reach1,142824,0.9281160235404968
26/04/2026 10:00,Thachin         ,Reach1,125488,0.838200032711029
26/04/2026 10:00,Thachin         ,Reach1,84876,0.8781288266181946
26/04/2026 11:00,Thachin         ,Reach1,170764,1.6422624588012695
26/04/2026 11:00,Thachin         ,Reach1,142824,0.9628632068634032
26/04/2026 11:00,Thachin         ,Reach1,125488,0.9022080302238464
26/04/2026 11:00,Thachin         ,Reach1,84876,0.9329928159713744
26/04/2026 12:00,Thachin         ,Reach1,170764,1.6450055837631226
26/04/2026 12:00,Thachin         ,Reach1,142824,1.006449580192566
26/04/2026 12:00,Thachin         ,Reach1,125488,0.9604248404502868
26/04/2026 12:00,Thachin         ,Reach1,84876,0.9497568011283876
26/04/2026 13:00,Thachin         ,Reach1,170764,1.6511015892028809
26/04/2026 13:00,Thachin         ,Reach1,142824,1.046378493309021
26/04/2026 13:00,Thachin         ,Reach1,125488,0.994257628917694
26/04/2026 13:00,Thachin         ,Reach1,84876,0.9235439896583556
26/04/2026 14:00,Thachin         ,Reach1,170764,1.6596360206604004
26/04/2026 14:00,Thachin         ,Reach1,142824,1.0725911855697632
26/04/2026 14:00,Thachin         ,Reach1,125488,1.0021824836730957
26/04/2026 14:00,Thachin         ,Reach1,84876,0.8814815878868103
26/04/2026 15:00,Thachin         ,Reach1,170764,1.6690847873687744
26/04/2026 15:00,Thachin         ,Reach1,142824,1.0847831964492798
26/04/2026 15:00,Thachin         ,Reach1,125488,0.994867205619812
26/04/2026 15:00,Thachin         ,Reach1,84876,0.8348472118377686
26/04/2026 16:00,Thachin         ,Reach1,170764,1.6782288551330566
26/04/2026 16:00,Thachin         ,Reach1,142824,1.086307168006897
26/04/2026 16:00,Thachin         ,Reach1,125488,0.9799320101737976
26/04/2026 16:00,Thachin         ,Reach1,84876,0.7833359837532043
26/04/2026 17:00,Thachin         ,Reach1,170764,1.6855441331863403
26/04/2026 17:00,Thachin         ,Reach1,142824,1.0808207988739014
26/04/2026 17:00,Thachin         ,Reach1,125488,0.9598152041435242
26/04/2026 17:00,Thachin         ,Reach1,84876,0.7272527813911438
26/04/2026 18:00,Thachin         ,Reach1,170764,1.690725564956665
26/04/2026 18:00,Thachin         ,Reach1,142824,1.0704576969146729
26/04/2026 18:00,Thachin         ,Reach1,125488,0.9360408186912536
26/04/2026 18:00,Thachin         ,Reach1,84876,0.6684264540672302
26/04/2026 19:00,Thachin         ,Reach1,170764,1.693773627281189
26/04/2026 19:00,Thachin         ,Reach1,142824,1.0564368963241575
26/04/2026 19:00,Thachin         ,Reach1,125488,0.909218430519104
26/04/2026 19:00,Thachin         ,Reach1,84876,0.6074663996696472
26/04/2026 20:00,Thachin         ,Reach1,170764,1.6949927806854248
26/04/2026 20:00,Thachin         ,Reach1,142824,1.0393680334091189
26/04/2026 20:00,Thachin         ,Reach1,125488,0.8796527981758118
26/04/2026 20:00,Thachin         ,Reach1,84876,0.5458968281745911
26/04/2026 21:00,Thachin         ,Reach1,170764,1.6943832635879517
26/04/2026 21:00,Thachin         ,Reach1,142824,1.0198607444763184
26/04/2026 21:00,Thachin         ,Reach1,125488,0.8482584357261658
26/04/2026 21:00,Thachin         ,Reach1,84876,0.4849368035793304
26/04/2026 22:00,Thachin         ,Reach1,170764,1.6919448375701904
26/04/2026 22:00,Thachin         ,Reach1,142824,0.998524844646454
26/04/2026 22:00,Thachin         ,Reach1,125488,0.815339982509613
26/04/2026 22:00,Thachin         ,Reach1,84876,0.4258055984973907
26/04/2026 23:00,Thachin         ,Reach1,170764,1.687982439994812
26/04/2026 23:00,Thachin         ,Reach1,142824,0.9756647944450378
26/04/2026 23:00,Thachin         ,Reach1,125488,0.7812023758888245
26/04/2026 23:00,Thachin         ,Reach1,84876,0.3706367909908294
27/04/2026 00:00,Thachin         ,Reach1,170764,1.6831055879592896
27/04/2026 00:00,Thachin         ,Reach1,142824,0.951585590839386
27/04/2026 00:00,Thachin         ,Reach1,125488,0.7467600107192993
27/04/2026 00:00,Thachin         ,Reach1,84876,0.323087990283966
27/04/2026 01:00,Thachin         ,Reach1,170764,1.67670476436615
27/04/2026 01:00,Thachin         ,Reach1,142824,0.9268967509269714
27/04/2026 01:00,Thachin         ,Reach1,125488,0.7129272222518921
27/04/2026 01:00,Thachin         ,Reach1,84876,0.2916935980319977
27/04/2026 02:00,Thachin         ,Reach1,170764,1.669389724731445
27/04/2026 02:00,Thachin         ,Reach1,142824,0.9022080302238464
27/04/2026 02:00,Thachin         ,Reach1,125488,0.68122798204422
27/04/2026 02:00,Thachin         ,Reach1,84876,0.2904744148254394
27/04/2026 03:00,Thachin         ,Reach1,170764,1.6614649295806885
27/04/2026 03:00,Thachin         ,Reach1,142824,0.8784335851669312
27/04/2026 03:00,Thachin         ,Reach1,125488,0.6547104120254517
27/04/2026 03:00,Thachin         ,Reach1,84876,0.3361944258213043
27/04/2026 04:00,Thachin         ,Reach1,170764,1.6529303789138794
27/04/2026 04:00,Thachin         ,Reach1,142824,0.8570976257324219
27/04/2026 04:00,Thachin         ,Reach1,125488,0.6373368501663208
27/04/2026 04:00,Thachin         ,Reach1,84876,0.4133087992668152
27/04/2026 05:00,Thachin         ,Reach1,170764,1.644091248512268
27/04/2026 05:00,Thachin         ,Reach1,142824,0.8403335809707642
27/04/2026 05:00,Thachin         ,Reach1,125488,0.6312408447265625
27/04/2026 05:00,Thachin         ,Reach1,84876,0.4614672362804413
27/04/2026 06:00,Thachin         ,Reach1,170764,1.6352519989013672
27/04/2026 06:00,Thachin         ,Reach1,142824,0.828751266002655
27/04/2026 06:00,Thachin         ,Reach1,125488,0.633679211139679
27/04/2026 06:00,Thachin         ,Reach1,84876,0.4834128022193908
